ophys_experiment_id,behavior_session_id,ophys_session_id,ophys_container_id,mouse_id,indicator,full_genotype,driver_line,cre_line,reporter_line,sex,age_in_days,imaging_depth,targeted_structure,targeted_imaging_depth,imaging_plane_group,project_code,session_type,session_number,image_set,behavior_type,passive,experience_level,prior_exposures_to_session_type,prior_exposures_to_image_set,prior_exposures_to_omissions,date_of_acquisition,equipment_name,published_at,isi_experiment_id,file_id
792815735,792680306,792619807,791352433,412036,GCaMP6f,Vip-IRES-Cre/wt;Ai148(TIT2L-GC6f-ICL-tTA2)/wt,['Vip-IRES-Cre'],Vip-IRES-Cre,Ai148(TIT2L-GC6f-ICL-tTA2),F,148,175,VISp,175,,VisualBehavior,OPHYS_1_images_A,1,A,active_behavior,FALSE,Familiar,0,19,1,43444.5677,CAM2P.4,25-03-21 0:00,754116317,53
795073741,794968300,794918442,791352433,412036,GCaMP6f,Vip-IRES-Cre/wt;Ai148(TIT2L-GC6f-ICL-tTA2)/wt,['Vip-IRES-Cre'],Vip-IRES-Cre,Ai148(TIT2L-GC6f-ICL-tTA2),F,151,175,VISp,175,,VisualBehavior,OPHYS_3_images_A,3,A,active_behavior,FALSE,Familiar,0,21,3,43447.56466,CAM2P.4,25-03-21 0:00,754116317,54
795953296,795742990,795625712,791352433,412036,GCaMP6f,Vip-IRES-Cre/wt;Ai148(TIT2L-GC6f-ICL-tTA2)/wt,['Vip-IRES-Cre'],Vip-IRES-Cre,Ai148(TIT2L-GC6f-ICL-tTA2),F,152,175,VISp,175,,VisualBehavior,OPHYS_4_images_B,4,B,active_behavior,FALSE,Novel 1,0,0,4,43448.52627,CAM2P.4,25-03-21 0:00,754116317,55
796108483,796052844,796044280,791352433,412036,GCaMP6f,Vip-IRES-Cre/wt;Ai148(TIT2L-GC6f-ICL-tTA2)/wt,['Vip-IRES-Cre'],Vip-IRES-Cre,Ai148(TIT2L-GC6f-ICL-tTA2),F,153,175,VISp,175,,VisualBehavior,OPHYS_5_images_B_passive,5,B,passive_viewing,TRUE,Novel >1,0,1,5,43449.54947,CAM2P.4,25-03-21 0:00,754116317,56
796308505,796251270,796236521,791352433,412036,GCaMP6f,Vip-IRES-Cre/wt;Ai148(TIT2L-GC6f-ICL-tTA2)/wt,['Vip-IRES-Cre'],Vip-IRES-Cre,Ai148(TIT2L-GC6f-ICL-tTA2),F,154,175,VISp,175,,VisualBehavior,OPHYS_6_images_B,6,B,active_behavior,FALSE,Novel >1,0,2,6,43450.55213,CAM2P.4,25-03-21 0:00,754116317,57
798404219,798126878,798007990,791352433,412036,GCaMP6f,Vip-IRES-Cre/wt;Ai148(TIT2L-GC6f-ICL-tTA2)/wt,['Vip-IRES-Cre'],Vip-IRES-Cre,Ai148(TIT2L-GC6f-ICL-tTA2),F,156,175,VISp,175,,VisualBehavior,OPHYS_2_images_A_passive,2,A,passive_viewing,TRUE,Familiar,1,22,8,43452.65603,CAM2P.4,25-03-21 0:00,754116317,58
826587940,825888541,825682242,825183217,429952,GCaMP6f,Vip-IRES-Cre/wt;Ai148(TIT2L-GC6f-ICL-tTA2)/wt,['Vip-IRES-Cre'],Vip-IRES-Cre,Ai148(TIT2L-GC6f-ICL-tTA2),M,131,175,VISp,175,,VisualBehavior,OPHYS_1_images_A,1,A,active_behavior,FALSE,Familiar,0,11,1,43516.36999,CAM2P.4,25-03-21 0:00,802841369,59
830093338,829578829,829521794,825183217,429952,GCaMP6f,Vip-IRES-Cre/wt;Ai148(TIT2L-GC6f-ICL-tTA2)/wt,['Vip-IRES-Cre'],Vip-IRES-Cre,Ai148(TIT2L-GC6f-ICL-tTA2),M,138,175,VISp,175,,VisualBehavior,OPHYS_4_images_B,4,B,active_behavior,FALSE,Novel 1,0,0,6,43523.37518,CAM2P.4,25-03-21 0:00,802841369,60
830700800,830255592,830148632,825183217,429952,GCaMP6f,Vip-IRES-Cre/wt;Ai148(TIT2L-GC6f-ICL-tTA2)/wt,['Vip-IRES-Cre'],Vip-IRES-Cre,Ai148(TIT2L-GC6f-ICL-tTA2),M,139,175,VISp,175,,VisualBehavior,OPHYS_5_images_B_passive,5,B,passive_viewing,TRUE,Novel >1,0,1,7,43524.36565,CAM2P.4,25-03-21 0:00,802841369,61
832115263,831824426,831761261,825183217,429952,GCaMP6f,Vip-IRES-Cre/wt;Ai148(TIT2L-GC6f-ICL-tTA2)/wt,['Vip-IRES-Cre'],Vip-IRES-Cre,Ai148(TIT2L-GC6f-ICL-tTA2),M,143,175,VISp,175,,VisualBehavior,OPHYS_6_images_B,6,B,active_behavior,FALSE,Novel >1,1,3,9,43528.34688,CAM2P.4,25-03-21 0:00,802841369,62
833631914,832981154,832881662,825183217,429952,GCaMP6f,Vip-IRES-Cre/wt;Ai148(TIT2L-GC6f-ICL-tTA2)/wt,['Vip-IRES-Cre'],Vip-IRES-Cre,Ai148(TIT2L-GC6f-ICL-tTA2),M,145,175,VISp,175,,VisualBehavior,OPHYS_6_images_B,6,B,active_behavior,FALSE,Novel >1,2,4,10,43530.35079,CAM2P.4,25-03-21 0:00,802841369,63
836258957,835820832,835795999,825183217,429952,GCaMP6f,Vip-IRES-Cre/wt;Ai148(TIT2L-GC6f-ICL-tTA2)/wt,['Vip-IRES-Cre'],Vip-IRES-Cre,Ai148(TIT2L-GC6f-ICL-tTA2),M,151,175,VISp,175,,VisualBehavior,OPHYS_3_images_A,3,A,active_behavior,FALSE,Familiar,0,17,13,43536.34096,CAM2P.4,25-03-21 0:00,802841369,64
836911939,836399024,836322359,825183217,429952,GCaMP6f,Vip-IRES-Cre/wt;Ai148(TIT2L-GC6f-ICL-tTA2)/wt,['Vip-IRES-Cre'],Vip-IRES-Cre,Ai148(TIT2L-GC6f-ICL-tTA2),M,152,175,VISp,175,,VisualBehavior,OPHYS_2_images_A_passive,2,A,passive_viewing,TRUE,Familiar,3,18,14,43537.35618,CAM2P.4,25-03-21 0:00,802841369,65
877696762,877287655,877103886,876693090,449441,GCaMP6s,Slc17a7-IRES2-Cre/wt;Camk2a-tTA/wt;Ai94(TITL-GCaMP6s)/wt,"['Slc17a7-IRES2-Cre', 'Camk2a-tTA']",Slc17a7-IRES2-Cre,Ai94(TITL-GCaMP6s),M,129,175,VISp,175,,VisualBehavior,OPHYS_2_images_A_passive,2,A,passive_viewing,TRUE,Familiar,0,29,2,43614.37383,CAM2P.3,25-03-21 0:00,838753497,66
879332693,878703444,878436988,876693090,449441,GCaMP6s,Slc17a7-IRES2-Cre/wt;Camk2a-tTA/wt;Ai94(TITL-GCaMP6s)/wt,"['Slc17a7-IRES2-Cre', 'Camk2a-tTA']",Slc17a7-IRES2-Cre,Ai94(TITL-GCaMP6s),M,131,175,VISp,175,,VisualBehavior,OPHYS_1_images_A,1,A,active_behavior,FALSE,Familiar,2,31,4,43616.40008,CAM2P.3,25-03-21 0:00,838753497,67
880375092,879846624,879719132,876693090,449441,GCaMP6s,Slc17a7-IRES2-Cre/wt;Camk2a-tTA/wt;Ai94(TITL-GCaMP6s)/wt,"['Slc17a7-IRES2-Cre', 'Camk2a-tTA']",Slc17a7-IRES2-Cre,Ai94(TITL-GCaMP6s),M,134,175,VISp,175,,VisualBehavior,OPHYS_4_images_B,4,B,active_behavior,FALSE,Novel 1,0,0,5,43619.36517,CAM2P.3,25-03-21 0:00,838753497,68
881881171,881210695,881071629,876693090,449441,GCaMP6s,Slc17a7-IRES2-Cre/wt;Camk2a-tTA/wt;Ai94(TITL-GCaMP6s)/wt,"['Slc17a7-IRES2-Cre', 'Camk2a-tTA']",Slc17a7-IRES2-Cre,Ai94(TITL-GCaMP6s),M,136,175,VISp,175,,VisualBehavior,OPHYS_6_images_B,6,B,active_behavior,FALSE,Novel >1,0,2,7,43621.37152,CAM2P.3,25-03-21 0:00,838753497,69
882935355,882669474,882620042,876693090,449441,GCaMP6s,Slc17a7-IRES2-Cre/wt;Camk2a-tTA/wt;Ai94(TITL-GCaMP6s)/wt,"['Slc17a7-IRES2-Cre', 'Camk2a-tTA']",Slc17a7-IRES2-Cre,Ai94(TITL-GCaMP6s),M,138,175,VISp,175,,VisualBehavior,OPHYS_6_images_B,6,B,active_behavior,FALSE,Novel >1,1,3,8,43623.36751,CAM2P.3,25-03-21 0:00,838753497,70
884218326,883462580,883349458,876693090,449441,GCaMP6s,Slc17a7-IRES2-Cre/wt;Camk2a-tTA/wt;Ai94(TITL-GCaMP6s)/wt,"['Slc17a7-IRES2-Cre', 'Camk2a-tTA']",Slc17a7-IRES2-Cre,Ai94(TITL-GCaMP6s),M,141,175,VISp,175,,VisualBehavior,OPHYS_5_images_B_passive,5,B,passive_viewing,TRUE,Novel >1,1,4,9,43626.36428,CAM2P.3,25-03-21 0:00,838753497,71
871155338,870592115,870377774,869781307,450471,GCaMP6f,Slc17a7-IRES2-Cre/wt;Camk2a-tTA/wt;Ai93(TITL-GCaMP6f)/wt,"['Slc17a7-IRES2-Cre', 'Camk2a-tTA']",Slc17a7-IRES2-Cre,Ai93(TITL-GCaMP6f),F,112,175,VISp,175,,VisualBehavior,OPHYS_1_images_A,1,A,active_behavior,FALSE,Familiar,1,20,1,43602.392,CAM2P.3,25-03-21 0:00,842453317,80
872433717,871808394,871606557,869781307,450471,GCaMP6f,Slc17a7-IRES2-Cre/wt;Camk2a-tTA/wt;Ai93(TITL-GCaMP6f)/wt,"['Slc17a7-IRES2-Cre', 'Camk2a-tTA']",Slc17a7-IRES2-Cre,Ai93(TITL-GCaMP6f),F,115,175,VISp,175,,VisualBehavior,OPHYS_1_images_A,1,A,active_behavior,FALSE,Familiar,2,21,2,43605.40769,CAM2P.3,25-03-21 0:00,842453317,81
873156540,872626160,872551435,869781307,450471,GCaMP6f,Slc17a7-IRES2-Cre/wt;Camk2a-tTA/wt;Ai93(TITL-GCaMP6f)/wt,"['Slc17a7-IRES2-Cre', 'Camk2a-tTA']",Slc17a7-IRES2-Cre,Ai93(TITL-GCaMP6f),F,116,175,VISp,175,,VisualBehavior,OPHYS_1_images_A,1,A,active_behavior,FALSE,Familiar,3,22,3,43606.3916,CAM2P.3,25-03-21 0:00,842453317,82
873972085,873695653,873542787,869781307,450471,GCaMP6f,Slc17a7-IRES2-Cre/wt;Camk2a-tTA/wt;Ai93(TITL-GCaMP6f)/wt,"['Slc17a7-IRES2-Cre', 'Camk2a-tTA']",Slc17a7-IRES2-Cre,Ai93(TITL-GCaMP6f),F,117,175,VISp,175,,VisualBehavior,OPHYS_1_images_A,1,A,active_behavior,FALSE,Familiar,4,23,4,43607.47775,CAM2P.3,25-03-21 0:00,842453317,83
877022592,876678452,876557230,869781307,450471,GCaMP6f,Slc17a7-IRES2-Cre/wt;Camk2a-tTA/wt;Ai93(TITL-GCaMP6f)/wt,"['Slc17a7-IRES2-Cre', 'Camk2a-tTA']",Slc17a7-IRES2-Cre,Ai93(TITL-GCaMP6f),F,123,175,VISp,175,,VisualBehavior,OPHYS_2_images_A_passive,2,A,passive_viewing,TRUE,Familiar,0,26,7,43613.47236,CAM2P.3,25-03-21 0:00,842453317,84
878363088,878120101,877946125,869781307,450471,GCaMP6f,Slc17a7-IRES2-Cre/wt;Camk2a-tTA/wt;Ai93(TITL-GCaMP6f)/wt,"['Slc17a7-IRES2-Cre', 'Camk2a-tTA']",Slc17a7-IRES2-Cre,Ai93(TITL-GCaMP6f),F,125,175,VISp,175,,VisualBehavior,OPHYS_3_images_A,3,A,active_behavior,FALSE,Familiar,2,28,9,43615.46349,CAM2P.3,25-03-21 0:00,842453317,85
879331157,879037269,878918807,869781307,450471,GCaMP6f,Slc17a7-IRES2-Cre/wt;Camk2a-tTA/wt;Ai93(TITL-GCaMP6f)/wt,"['Slc17a7-IRES2-Cre', 'Camk2a-tTA']",Slc17a7-IRES2-Cre,Ai93(TITL-GCaMP6f),F,126,175,VISp,175,,VisualBehavior,OPHYS_4_images_B,4,B,active_behavior,FALSE,Novel 1,0,0,10,43616.53899,CAM2P.3,25-03-21 0:00,842453317,86
880374622,880046522,879897824,869781307,450471,GCaMP6f,Slc17a7-IRES2-Cre/wt;Camk2a-tTA/wt;Ai93(TITL-GCaMP6f)/wt,"['Slc17a7-IRES2-Cre', 'Camk2a-tTA']",Slc17a7-IRES2-Cre,Ai93(TITL-GCaMP6f),F,129,175,VISp,175,,VisualBehavior,OPHYS_5_images_B_passive,5,B,passive_viewing,TRUE,Novel >1,0,1,11,43619.45225,CAM2P.3,25-03-21 0:00,842453317,87
880961028,880784794,880753403,869781307,450471,GCaMP6f,Slc17a7-IRES2-Cre/wt;Camk2a-tTA/wt;Ai93(TITL-GCaMP6f)/wt,"['Slc17a7-IRES2-Cre', 'Camk2a-tTA']",Slc17a7-IRES2-Cre,Ai93(TITL-GCaMP6f),F,130,175,VISp,175,,VisualBehavior,OPHYS_6_images_B,6,B,active_behavior,FALSE,Novel >1,0,2,12,43620.56065,CAM2P.3,25-03-21 0:00,842453317,88
869969393,869303255,869118259,863992815,448900,GCaMP6s,Slc17a7-IRES2-Cre/wt;Camk2a-tTA/wt;Ai94(TITL-GCaMP6s)/wt,"['Slc17a7-IRES2-Cre', 'Camk2a-tTA']",Slc17a7-IRES2-Cre,Ai94(TITL-GCaMP6s),M,122,175,VISp,175,,VisualBehavior,OPHYS_5_images_B_passive,5,B,passive_viewing,TRUE,Novel >1,0,1,4,43601.39806,CAM2P.4,25-03-21 0:00,838753709,89
873154932,872621004,872551243,863992815,448900,GCaMP6s,Slc17a7-IRES2-Cre/wt;Camk2a-tTA/wt;Ai94(TITL-GCaMP6s)/wt,"['Slc17a7-IRES2-Cre', 'Camk2a-tTA']",Slc17a7-IRES2-Cre,Ai94(TITL-GCaMP6s),M,127,175,VISp,175,,VisualBehavior,OPHYS_1_images_A,1,A,active_behavior,FALSE,Familiar,1,20,7,43606.38252,CAM2P.4,25-03-21 0:00,838753709,90
873968820,873846349,873653940,863992815,448900,GCaMP6s,Slc17a7-IRES2-Cre/wt;Camk2a-tTA/wt;Ai94(TITL-GCaMP6s)/wt,"['Slc17a7-IRES2-Cre', 'Camk2a-tTA']",Slc17a7-IRES2-Cre,Ai94(TITL-GCaMP6s),M,128,175,VISp,175,,VisualBehavior,OPHYS_1_images_A,1,A,active_behavior,FALSE,Familiar,2,21,8,43607.63271,CAM2P.4,25-03-21 0:00,838753709,91
875045489,874533721,874323406,863992815,448900,GCaMP6s,Slc17a7-IRES2-Cre/wt;Camk2a-tTA/wt;Ai94(TITL-GCaMP6s)/wt,"['Slc17a7-IRES2-Cre', 'Camk2a-tTA']",Slc17a7-IRES2-Cre,Ai94(TITL-GCaMP6s),M,129,175,VISp,175,,VisualBehavior,OPHYS_2_images_A_passive,2,A,passive_viewing,TRUE,Familiar,1,22,9,43608.44354,CAM2P.4,25-03-21 0:00,838753709,92
877018118,876660021,876522267,863992815,448900,GCaMP6s,Slc17a7-IRES2-Cre/wt;Camk2a-tTA/wt;Ai94(TITL-GCaMP6s)/wt,"['Slc17a7-IRES2-Cre', 'Camk2a-tTA']",Slc17a7-IRES2-Cre,Ai94(TITL-GCaMP6s),M,134,175,VISp,175,,VisualBehavior,OPHYS_3_images_A,3,A,active_behavior,FALSE,Familiar,1,24,11,43613.46192,CAM2P.4,25-03-21 0:00,838753709,93
877691075,877605088,877497698,863992815,448900,GCaMP6s,Slc17a7-IRES2-Cre/wt;Camk2a-tTA/wt;Ai94(TITL-GCaMP6s)/wt,"['Slc17a7-IRES2-Cre', 'Camk2a-tTA']",Slc17a7-IRES2-Cre,Ai94(TITL-GCaMP6s),M,135,175,VISp,175,,VisualBehavior,OPHYS_6_images_B,6,B,active_behavior,FALSE,Novel >1,1,3,12,43614.53772,CAM2P.4,25-03-21 0:00,838753709,94
878358326,878075965,877907546,863992815,448900,GCaMP6s,Slc17a7-IRES2-Cre/wt;Camk2a-tTA/wt;Ai94(TITL-GCaMP6s)/wt,"['Slc17a7-IRES2-Cre', 'Camk2a-tTA']",Slc17a7-IRES2-Cre,Ai94(TITL-GCaMP6s),M,136,175,VISp,175,,VisualBehavior,OPHYS_6_images_B,6,B,active_behavior,FALSE,Novel >1,2,4,13,43615.45062,CAM2P.4,25-03-21 0:00,838753709,95
939327156,938425882,938175546,930022332,459777,GCaMP6f,Slc17a7-IRES2-Cre/wt;Camk2a-tTA/wt;Ai93(TITL-GCaMP6f)/wt,"['Slc17a7-IRES2-Cre', 'Camk2a-tTA']",Slc17a7-IRES2-Cre,Ai93(TITL-GCaMP6f),F,180,175,VISp,175,,VisualBehavior,OPHYS_1_images_A,1,A,active_behavior,FALSE,Familiar,0,57,0,43712.39302,CAM2P.3,25-03-21 0:00,863814878,96
940354166,939537734,939521982,930022332,459777,GCaMP6f,Slc17a7-IRES2-Cre/wt;Camk2a-tTA/wt;Ai93(TITL-GCaMP6f)/wt,"['Slc17a7-IRES2-Cre', 'Camk2a-tTA']",Slc17a7-IRES2-Cre,Ai93(TITL-GCaMP6f),F,181,175,VISp,175,,VisualBehavior,OPHYS_2_images_A_passive,2,A,passive_viewing,TRUE,Familiar,0,58,1,43713.39184,CAM2P.3,25-03-21 0:00,863814878,97
940852658,940553228,940446507,930022332,459777,GCaMP6f,Slc17a7-IRES2-Cre/wt;Camk2a-tTA/wt;Ai93(TITL-GCaMP6f)/wt,"['Slc17a7-IRES2-Cre', 'Camk2a-tTA']",Slc17a7-IRES2-Cre,Ai93(TITL-GCaMP6f),F,182,175,VISp,175,,VisualBehavior,OPHYS_3_images_A,3,A,active_behavior,FALSE,Familiar,0,59,2,43714.36715,CAM2P.3,25-03-21 0:00,863814878,98
942043482,941457567,941300832,930022332,459777,GCaMP6f,Slc17a7-IRES2-Cre/wt;Camk2a-tTA/wt;Ai93(TITL-GCaMP6f)/wt,"['Slc17a7-IRES2-Cre', 'Camk2a-tTA']",Slc17a7-IRES2-Cre,Ai93(TITL-GCaMP6f),F,185,175,VISp,175,,VisualBehavior,OPHYS_4_images_B,4,B,active_behavior,FALSE,Novel 1,0,0,3,43717.3766,CAM2P.3,25-03-21 0:00,863814878,99
943151552,942329079,942114744,930022332,459777,GCaMP6f,Slc17a7-IRES2-Cre/wt;Camk2a-tTA/wt;Ai93(TITL-GCaMP6f)/wt,"['Slc17a7-IRES2-Cre', 'Camk2a-tTA']",Slc17a7-IRES2-Cre,Ai93(TITL-GCaMP6f),F,186,175,VISp,175,,VisualBehavior,OPHYS_5_images_B_passive,5,B,passive_viewing,TRUE,Novel >1,0,1,4,43718.38967,CAM2P.3,25-03-21 0:00,863814878,100
944366183,943479988,943299247,930022332,459777,GCaMP6f,Slc17a7-IRES2-Cre/wt;Camk2a-tTA/wt;Ai93(TITL-GCaMP6f)/wt,"['Slc17a7-IRES2-Cre', 'Camk2a-tTA']",Slc17a7-IRES2-Cre,Ai93(TITL-GCaMP6f),F,187,175,VISp,175,,VisualBehavior,OPHYS_6_images_B,6,B,active_behavior,FALSE,Novel >1,0,2,5,43719.39773,CAM2P.3,25-03-21 0:00,863814878,101
884221469,883696092,883509540,902748564,456564,GCaMP6s,Slc17a7-IRES2-Cre/wt;Camk2a-tTA/wt;Ai94(TITL-GCaMP6s)/wt,"['Slc17a7-IRES2-Cre', 'Camk2a-tTA']",Slc17a7-IRES2-Cre,Ai94(TITL-GCaMP6s),F,110,175,VISp,175,,VisualBehavior,OPHYS_1_images_A,1,A,active_behavior,FALSE,Familiar,0,19,0,43626.43986,CAM2P.4,25-03-21 0:00,853107722,216
885067826,884708099,884528231,902748564,456564,GCaMP6s,Slc17a7-IRES2-Cre/wt;Camk2a-tTA/wt;Ai94(TITL-GCaMP6s)/wt,"['Slc17a7-IRES2-Cre', 'Camk2a-tTA']",Slc17a7-IRES2-Cre,Ai94(TITL-GCaMP6s),F,111,175,VISp,175,,VisualBehavior,OPHYS_2_images_A_passive,2,A,passive_viewing,TRUE,Familiar,0,20,1,43627.4598,CAM2P.4,25-03-21 0:00,853107722,217
885933191,885546697,885401643,902748564,456564,GCaMP6s,Slc17a7-IRES2-Cre/wt;Camk2a-tTA/wt;Ai94(TITL-GCaMP6s)/wt,"['Slc17a7-IRES2-Cre', 'Camk2a-tTA']",Slc17a7-IRES2-Cre,Ai94(TITL-GCaMP6s),F,112,175,VISp,175,,VisualBehavior,OPHYS_3_images_A,3,A,active_behavior,FALSE,Familiar,0,21,2,43628.46928,CAM2P.4,25-03-21 0:00,853107722,218
888666715,888143869,887996884,902748564,456564,GCaMP6s,Slc17a7-IRES2-Cre/wt;Camk2a-tTA/wt;Ai94(TITL-GCaMP6s)/wt,"['Slc17a7-IRES2-Cre', 'Camk2a-tTA']",Slc17a7-IRES2-Cre,Ai94(TITL-GCaMP6s),F,117,175,VISp,175,,VisualBehavior,OPHYS_5_images_B_passive,5,B,passive_viewing,TRUE,Novel >1,0,1,4,43633.44434,CAM2P.4,25-03-21 0:00,853107722,219
889777243,889336784,889189329,902748564,456564,GCaMP6s,Slc17a7-IRES2-Cre/wt;Camk2a-tTA/wt;Ai94(TITL-GCaMP6s)/wt,"['Slc17a7-IRES2-Cre', 'Camk2a-tTA']",Slc17a7-IRES2-Cre,Ai94(TITL-GCaMP6s),F,118,175,VISp,175,,VisualBehavior,OPHYS_6_images_B,6,B,active_behavior,FALSE,Novel >1,0,2,5,43634.46407,CAM2P.4,25-03-21 0:00,853107722,220
893830436,893429557,893346385,902748564,456564,GCaMP6s,Slc17a7-IRES2-Cre/wt;Camk2a-tTA/wt;Ai94(TITL-GCaMP6s)/wt,"['Slc17a7-IRES2-Cre', 'Camk2a-tTA']",Slc17a7-IRES2-Cre,Ai94(TITL-GCaMP6s),F,124,175,VISp,175,,VisualBehavior,OPHYS_4_images_B,4,B,active_behavior,FALSE,Novel >1,3,6,9,43640.45675,CAM2P.4,25-03-21 0:00,853107722,221
895422187,895134854,895003340,902748564,456564,GCaMP6s,Slc17a7-IRES2-Cre/wt;Camk2a-tTA/wt;Ai94(TITL-GCaMP6s)/wt,"['Slc17a7-IRES2-Cre', 'Camk2a-tTA']",Slc17a7-IRES2-Cre,Ai94(TITL-GCaMP6s),F,126,175,VISp,175,,VisualBehavior,OPHYS_4_images_B,4,B,active_behavior,FALSE,Novel >1,4,7,11,43642.46407,CAM2P.4,25-03-21 0:00,853107722,222
896160394,895804638,895588149,902748564,456564,GCaMP6s,Slc17a7-IRES2-Cre/wt;Camk2a-tTA/wt;Ai94(TITL-GCaMP6s)/wt,"['Slc17a7-IRES2-Cre', 'Camk2a-tTA']",Slc17a7-IRES2-Cre,Ai94(TITL-GCaMP6s),F,127,175,VISp,175,,VisualBehavior,OPHYS_4_images_B,4,B,active_behavior,FALSE,Novel >1,5,8,12,43643.46086,CAM2P.4,25-03-21 0:00,853107722,223
935440133,934812249,934576432,930024022,459773,GCaMP6f,Slc17a7-IRES2-Cre/wt;Camk2a-tTA/wt;Ai93(TITL-GCaMP6f)/wt,"['Slc17a7-IRES2-Cre', 'Camk2a-tTA']",Slc17a7-IRES2-Cre,Ai93(TITL-GCaMP6f),F,174,175,VISp,175,,VisualBehavior,OPHYS_1_images_A,1,A,active_behavior,FALSE,Familiar,0,53,0,43706.40479,CAM2P.5,25-03-21 0:00,863334770,231
936494970,935653479,935554523,930024022,459773,GCaMP6f,Slc17a7-IRES2-Cre/wt;Camk2a-tTA/wt;Ai93(TITL-GCaMP6f)/wt,"['Slc17a7-IRES2-Cre', 'Camk2a-tTA']",Slc17a7-IRES2-Cre,Ai93(TITL-GCaMP6f),F,175,175,VISp,175,,VisualBehavior,OPHYS_3_images_A,3,A,active_behavior,FALSE,Familiar,0,54,1,43707.38449,CAM2P.5,25-03-21 0:00,863334770,232
939327085,938339083,938094182,930024022,459773,GCaMP6f,Slc17a7-IRES2-Cre/wt;Camk2a-tTA/wt;Ai93(TITL-GCaMP6f)/wt,"['Slc17a7-IRES2-Cre', 'Camk2a-tTA']",Slc17a7-IRES2-Cre,Ai93(TITL-GCaMP6f),F,180,175,VISp,175,,VisualBehavior,OPHYS_2_images_A_passive,2,A,passive_viewing,TRUE,Familiar,0,56,3,43712.36085,CAM2P.5,25-03-21 0:00,863334770,233
940352367,939533442,939520170,930024022,459773,GCaMP6f,Slc17a7-IRES2-Cre/wt;Camk2a-tTA/wt;Ai93(TITL-GCaMP6f)/wt,"['Slc17a7-IRES2-Cre', 'Camk2a-tTA']",Slc17a7-IRES2-Cre,Ai93(TITL-GCaMP6f),F,181,175,VISp,175,,VisualBehavior,OPHYS_4_images_B,4,B,active_behavior,FALSE,Novel 1,0,0,4,43713.3711,CAM2P.5,25-03-21 0:00,863334770,234
940852112,940628402,940447433,930024022,459773,GCaMP6f,Slc17a7-IRES2-Cre/wt;Camk2a-tTA/wt;Ai93(TITL-GCaMP6f)/wt,"['Slc17a7-IRES2-Cre', 'Camk2a-tTA']",Slc17a7-IRES2-Cre,Ai93(TITL-GCaMP6f),F,182,175,VISp,175,,VisualBehavior,OPHYS_6_images_B,6,B,active_behavior,FALSE,Novel >1,0,1,5,43714.41068,CAM2P.5,25-03-21 0:00,863334770,235
943151492,942350598,942116236,930024022,459773,GCaMP6f,Slc17a7-IRES2-Cre/wt;Camk2a-tTA/wt;Ai93(TITL-GCaMP6f)/wt,"['Slc17a7-IRES2-Cre', 'Camk2a-tTA']",Slc17a7-IRES2-Cre,Ai93(TITL-GCaMP6f),F,186,175,VISp,175,,VisualBehavior,OPHYS_5_images_B_passive,5,B,passive_viewing,TRUE,Novel >1,0,3,7,43718.39373,CAM2P.5,25-03-21 0:00,863334770,236
853328115,852966248,852794147,848390542,447663,GCaMP6f,Slc17a7-IRES2-Cre/wt;Camk2a-tTA/wt;Ai93(TITL-GCaMP6f)/wt,"['Slc17a7-IRES2-Cre', 'Camk2a-tTA']",Slc17a7-IRES2-Cre,Ai93(TITL-GCaMP6f),F,95,175,VISp,175,,VisualBehavior,OPHYS_3_images_A,3,A,active_behavior,FALSE,Familiar,0,14,2,43572.38587,CAM2P.4,25-03-21 0:00,832570530,251
853962951,853875514,853773937,848390542,447663,GCaMP6f,Slc17a7-IRES2-Cre/wt;Camk2a-tTA/wt;Ai93(TITL-GCaMP6f)/wt,"['Slc17a7-IRES2-Cre', 'Camk2a-tTA']",Slc17a7-IRES2-Cre,Ai93(TITL-GCaMP6f),F,96,175,VISp,175,,VisualBehavior,OPHYS_4_images_B,4,B,active_behavior,FALSE,Novel 1,0,0,3,43573.58328,CAM2P.4,25-03-21 0:00,832570530,252
854703305,854621677,854524023,848390542,447663,GCaMP6f,Slc17a7-IRES2-Cre/wt;Camk2a-tTA/wt;Ai93(TITL-GCaMP6f)/wt,"['Slc17a7-IRES2-Cre', 'Camk2a-tTA']",Slc17a7-IRES2-Cre,Ai93(TITL-GCaMP6f),F,97,175,VISp,175,,VisualBehavior,OPHYS_5_images_B_passive,5,B,passive_viewing,TRUE,Novel >1,0,1,4,43574.58135,CAM2P.4,25-03-21 0:00,832570530,253
855577488,855424348,855333357,848390542,447663,GCaMP6f,Slc17a7-IRES2-Cre/wt;Camk2a-tTA/wt;Ai93(TITL-GCaMP6f)/wt,"['Slc17a7-IRES2-Cre', 'Camk2a-tTA']",Slc17a7-IRES2-Cre,Ai93(TITL-GCaMP6f),F,100,175,VISp,175,,VisualBehavior,OPHYS_6_images_B,6,B,active_behavior,FALSE,Novel >1,0,2,5,43577.52166,CAM2P.4,25-03-21 0:00,832570530,254
857658471,857340041,857202651,848390542,447663,GCaMP6f,Slc17a7-IRES2-Cre/wt;Camk2a-tTA/wt;Ai93(TITL-GCaMP6f)/wt,"['Slc17a7-IRES2-Cre', 'Camk2a-tTA']",Slc17a7-IRES2-Cre,Ai93(TITL-GCaMP6f),F,103,175,VISp,175,,VisualBehavior,OPHYS_1_images_A,1,A,active_behavior,FALSE,Familiar,1,15,7,43580.42981,CAM2P.4,25-03-21 0:00,832570530,255
859147033,858974731,858863712,848390542,447663,GCaMP6f,Slc17a7-IRES2-Cre/wt;Camk2a-tTA/wt;Ai93(TITL-GCaMP6f)/wt,"['Slc17a7-IRES2-Cre', 'Camk2a-tTA']",Slc17a7-IRES2-Cre,Ai93(TITL-GCaMP6f),F,107,175,VISp,175,,VisualBehavior,OPHYS_1_images_A,1,A,active_behavior,FALSE,Familiar,2,17,9,43584.43241,CAM2P.4,25-03-21 0:00,832570530,256
863735602,863610582,863527124,848390542,447663,GCaMP6f,Slc17a7-IRES2-Cre/wt;Camk2a-tTA/wt;Ai93(TITL-GCaMP6f)/wt,"['Slc17a7-IRES2-Cre', 'Camk2a-tTA']",Slc17a7-IRES2-Cre,Ai93(TITL-GCaMP6f),F,114,175,VISp,175,,VisualBehavior,OPHYS_2_images_A_passive,2,A,passive_viewing,TRUE,Familiar,3,19,11,43591.57213,CAM2P.4,25-03-21 0:00,832570530,257
848697604,848348215,848143026,845588020,445270,GCaMP6f,Slc17a7-IRES2-Cre/wt;Camk2a-tTA/wt;Ai93(TITL-GCaMP6f)/wt,"['Slc17a7-IRES2-Cre', 'Camk2a-tTA']",Slc17a7-IRES2-Cre,Ai93(TITL-GCaMP6f),M,96,375,VISp,375,,VisualBehavior,OPHYS_1_images_A,1,A,active_behavior,FALSE,Familiar,0,11,0,43564.41063,CAM2P.3,25-03-21 0:00,828775962,340
849203586,848943191,848815078,845588020,445270,GCaMP6f,Slc17a7-IRES2-Cre/wt;Camk2a-tTA/wt;Ai93(TITL-GCaMP6f)/wt,"['Slc17a7-IRES2-Cre', 'Camk2a-tTA']",Slc17a7-IRES2-Cre,Ai93(TITL-GCaMP6f),M,97,375,VISp,375,,VisualBehavior,OPHYS_2_images_A_passive,2,A,passive_viewing,TRUE,Familiar,0,12,1,43565.38938,CAM2P.3,25-03-21 0:00,828775962,341
855582981,855446545,855353286,845588020,445270,GCaMP6f,Slc17a7-IRES2-Cre/wt;Camk2a-tTA/wt;Ai93(TITL-GCaMP6f)/wt,"['Slc17a7-IRES2-Cre', 'Camk2a-tTA']",Slc17a7-IRES2-Cre,Ai93(TITL-GCaMP6f),M,109,375,VISp,375,,VisualBehavior,OPHYS_5_images_B_passive,5,B,passive_viewing,TRUE,Novel >1,1,3,7,43577.53605,CAM2P.3,25-03-21 0:00,828775962,342
856096766,855866701,855762043,845588020,445270,GCaMP6f,Slc17a7-IRES2-Cre/wt;Camk2a-tTA/wt;Ai93(TITL-GCaMP6f)/wt,"['Slc17a7-IRES2-Cre', 'Camk2a-tTA']",Slc17a7-IRES2-Cre,Ai93(TITL-GCaMP6f),M,110,375,VISp,375,,VisualBehavior,OPHYS_6_images_B,6,B,active_behavior,FALSE,Novel >1,1,4,8,43578.43079,CAM2P.3,25-03-21 0:00,828775962,343
856938751,856467236,856295914,845588020,445270,GCaMP6f,Slc17a7-IRES2-Cre/wt;Camk2a-tTA/wt;Ai93(TITL-GCaMP6f)/wt,"['Slc17a7-IRES2-Cre', 'Camk2a-tTA']",Slc17a7-IRES2-Cre,Ai93(TITL-GCaMP6f),M,111,375,VISp,375,,VisualBehavior,OPHYS_3_images_A,3,A,active_behavior,FALSE,Familiar,1,15,9,43579.42324,CAM2P.3,25-03-21 0:00,828775962,344
857660011,857367017,857232455,845588020,445270,GCaMP6f,Slc17a7-IRES2-Cre/wt;Camk2a-tTA/wt;Ai93(TITL-GCaMP6f)/wt,"['Slc17a7-IRES2-Cre', 'Camk2a-tTA']",Slc17a7-IRES2-Cre,Ai93(TITL-GCaMP6f),M,112,375,VISp,375,,VisualBehavior,OPHYS_4_images_B,4,B,active_behavior,FALSE,Novel >1,1,5,10,43580.44417,CAM2P.3,25-03-21 0:00,828775962,345
862848066,860533862,860331718,845588020,445270,GCaMP6f,Slc17a7-IRES2-Cre/wt;Camk2a-tTA/wt;Ai93(TITL-GCaMP6f)/wt,"['Slc17a7-IRES2-Cre', 'Camk2a-tTA']",Slc17a7-IRES2-Cre,Ai93(TITL-GCaMP6f),M,118,375,VISp,375,,VisualBehavior,OPHYS_4_images_B,4,B,active_behavior,FALSE,Novel >1,3,7,14,43586.43428,CAM2P.3,25-03-21 0:00,828775962,346
864370674,864068649,863981645,845588020,445270,GCaMP6f,Slc17a7-IRES2-Cre/wt;Camk2a-tTA/wt;Ai93(TITL-GCaMP6f)/wt,"['Slc17a7-IRES2-Cre', 'Camk2a-tTA']",Slc17a7-IRES2-Cre,Ai93(TITL-GCaMP6f),M,124,375,VISp,375,,VisualBehavior,OPHYS_3_images_A,3,A,active_behavior,FALSE,Familiar,4,18,16,43592.46386,CAM2P.3,25-03-21 0:00,828775962,347
1065523118,1065410067,1065382549,1064333322,544261,GCaMP6f,Vip-IRES-Cre/wt;Ai148(TIT2L-GC6f-ICL-tTA2)/wt,['Vip-IRES-Cre'],Vip-IRES-Cre,Ai148(TIT2L-GC6f-ICL-tTA2),F,126,175,VISp,175,,VisualBehavior,OPHYS_1_images_A,1,A,active_behavior,FALSE,Familiar,0,10,0,44158.4431,CAM2P.4,25-03-21 0:00,1053467148,451
1067133175,1066971490,1066944927,1064333322,544261,GCaMP6f,Vip-IRES-Cre/wt;Ai148(TIT2L-GC6f-ICL-tTA2)/wt,['Vip-IRES-Cre'],Vip-IRES-Cre,Ai148(TIT2L-GC6f-ICL-tTA2),F,133,175,VISp,175,,VisualBehavior,OPHYS_3_images_A,3,A,active_behavior,FALSE,Familiar,1,13,3,44165.47212,CAM2P.4,25-03-21 0:00,1053467148,452
1067647876,1067619789,1067604782,1064333322,544261,GCaMP6f,Vip-IRES-Cre/wt;Ai148(TIT2L-GC6f-ICL-tTA2)/wt,['Vip-IRES-Cre'],Vip-IRES-Cre,Ai148(TIT2L-GC6f-ICL-tTA2),F,135,175,VISp,175,,VisualBehavior,OPHYS_4_images_B,4,B,active_behavior,FALSE,Novel 1,0,0,4,44167.63191,CAM2P.4,25-03-21 0:00,1053467148,453
1069286458,1069254185,1069219822,1064333322,544261,GCaMP6f,Vip-IRES-Cre/wt;Ai148(TIT2L-GC6f-ICL-tTA2)/wt,['Vip-IRES-Cre'],Vip-IRES-Cre,Ai148(TIT2L-GC6f-ICL-tTA2),F,142,175,VISp,175,,VisualBehavior,OPHYS_5_images_B_passive,5,B,passive_viewing,TRUE,Novel >1,1,3,7,44174.61606,CAM2P.4,25-03-21 0:00,1053467148,454
1071070929,1071017498,1070970140,1064333322,544261,GCaMP6f,Vip-IRES-Cre/wt;Ai148(TIT2L-GC6f-ICL-tTA2)/wt,['Vip-IRES-Cre'],Vip-IRES-Cre,Ai148(TIT2L-GC6f-ICL-tTA2),F,149,175,VISp,175,,VisualBehavior,OPHYS_6_images_B,6,B,active_behavior,FALSE,Novel >1,3,6,10,44181.63317,CAM2P.4,25-03-21 0:00,1053467148,455
1071440875,1071270468,1071202230,1064333322,544261,GCaMP6f,Vip-IRES-Cre/wt;Ai148(TIT2L-GC6f-ICL-tTA2)/wt,['Vip-IRES-Cre'],Vip-IRES-Cre,Ai148(TIT2L-GC6f-ICL-tTA2),F,150,175,VISp,175,,VisualBehavior,OPHYS_6_images_B,6,B,active_behavior,FALSE,Novel >1,4,7,11,44182.43126,CAM2P.4,25-03-21 0:00,1053467148,456
1050406399,1050267978,1050246780,1049224697,533527,GCaMP6f,Sst-IRES-Cre/wt;Ai148(TIT2L-GC6f-ICL-tTA2)/wt,['Sst-IRES-Cre'],Sst-IRES-Cre,Ai148(TIT2L-GC6f-ICL-tTA2),M,120,275,VISp,275,,VisualBehavior,OPHYS_1_images_A,1,A,active_behavior,FALSE,Familiar,0,10,0,44088.4672,CAM2P.3,25-03-21 0:00,1038936025,457
1050720434,1050640525,1050623160,1049224697,533527,GCaMP6f,Sst-IRES-Cre/wt;Ai148(TIT2L-GC6f-ICL-tTA2)/wt,['Sst-IRES-Cre'],Sst-IRES-Cre,Ai148(TIT2L-GC6f-ICL-tTA2),M,121,275,VISp,275,,VisualBehavior,OPHYS_2_images_A_passive,2,A,passive_viewing,TRUE,Familiar,0,11,1,44089.4734,CAM2P.3,25-03-21 0:00,1038936025,458
1051009897,1050970990,1050957017,1049224697,533527,GCaMP6f,Sst-IRES-Cre/wt;Ai148(TIT2L-GC6f-ICL-tTA2)/wt,['Sst-IRES-Cre'],Sst-IRES-Cre,Ai148(TIT2L-GC6f-ICL-tTA2),M,122,275,VISp,275,,VisualBehavior,OPHYS_3_images_A,3,A,active_behavior,FALSE,Familiar,0,12,2,44090.57873,CAM2P.3,25-03-21 0:00,1038936025,459
1051217227,1051142682,1051119110,1049224697,533527,GCaMP6f,Sst-IRES-Cre/wt;Ai148(TIT2L-GC6f-ICL-tTA2)/wt,['Sst-IRES-Cre'],Sst-IRES-Cre,Ai148(TIT2L-GC6f-ICL-tTA2),M,123,275,VISp,275,,VisualBehavior,OPHYS_3_images_A,3,A,active_behavior,FALSE,Familiar,1,13,3,44091.43779,CAM2P.3,25-03-21 0:00,1038936025,460
1051423446,1051341605,1051327401,1049224697,533527,GCaMP6f,Sst-IRES-Cre/wt;Ai148(TIT2L-GC6f-ICL-tTA2)/wt,['Sst-IRES-Cre'],Sst-IRES-Cre,Ai148(TIT2L-GC6f-ICL-tTA2),M,124,275,VISp,275,,VisualBehavior,OPHYS_4_images_B,4,B,active_behavior,FALSE,Novel 1,0,0,4,44092.41444,CAM2P.3,25-03-21 0:00,1038936025,461
1051989532,1051910175,1051876228,1049224697,533527,GCaMP6f,Sst-IRES-Cre/wt;Ai148(TIT2L-GC6f-ICL-tTA2)/wt,['Sst-IRES-Cre'],Sst-IRES-Cre,Ai148(TIT2L-GC6f-ICL-tTA2),M,127,275,VISp,275,,VisualBehavior,OPHYS_5_images_B_passive,5,B,passive_viewing,TRUE,Novel >1,0,1,5,44095.48329,CAM2P.3,25-03-21 0:00,1038936025,462
1052391266,1052327057,1052307202,1049224697,533527,GCaMP6f,Sst-IRES-Cre/wt;Ai148(TIT2L-GC6f-ICL-tTA2)/wt,['Sst-IRES-Cre'],Sst-IRES-Cre,Ai148(TIT2L-GC6f-ICL-tTA2),M,129,275,VISp,275,,VisualBehavior,OPHYS_6_images_B,6,B,active_behavior,FALSE,Novel >1,1,3,7,44097.47744,CAM2P.3,25-03-21 0:00,1038936025,463
1065523124,1065418558,1065384473,1064333290,538219,GCaMP6f,Vip-IRES-Cre/wt;Ai148(TIT2L-GC6f-ICL-tTA2)/wt,['Vip-IRES-Cre'],Vip-IRES-Cre,Ai148(TIT2L-GC6f-ICL-tTA2),F,165,175,VISp,175,,VisualBehavior,OPHYS_1_images_A,1,A,active_behavior,FALSE,Familiar,0,13,0,44158.45334,CAM2P.3,25-03-21 0:00,1048162544,464
1065966776,1065864253,1065818402,1064333290,538219,GCaMP6f,Vip-IRES-Cre/wt;Ai148(TIT2L-GC6f-ICL-tTA2)/wt,['Vip-IRES-Cre'],Vip-IRES-Cre,Ai148(TIT2L-GC6f-ICL-tTA2),F,166,175,VISp,175,,VisualBehavior,OPHYS_1_images_A,1,A,active_behavior,FALSE,Familiar,1,14,1,44159.37562,CAM2P.3,25-03-21 0:00,1048162544,465
1066177684,1066064565,1066048906,1064333290,538219,GCaMP6f,Vip-IRES-Cre/wt;Ai148(TIT2L-GC6f-ICL-tTA2)/wt,['Vip-IRES-Cre'],Vip-IRES-Cre,Ai148(TIT2L-GC6f-ICL-tTA2),F,167,175,VISp,175,,VisualBehavior,OPHYS_2_images_A_passive,2,A,passive_viewing,TRUE,Familiar,0,15,2,44160.36695,CAM2P.3,25-03-21 0:00,1048162544,466
1067133170,1066967257,1066943402,1064333290,538219,GCaMP6f,Vip-IRES-Cre/wt;Ai148(TIT2L-GC6f-ICL-tTA2)/wt,['Vip-IRES-Cre'],Vip-IRES-Cre,Ai148(TIT2L-GC6f-ICL-tTA2),F,172,175,VISp,175,,VisualBehavior,OPHYS_3_images_A,3,A,active_behavior,FALSE,Familiar,0,16,3,44165.45773,CAM2P.3,25-03-21 0:00,1048162544,467
1067648397,1067611874,1067593227,1064333290,538219,GCaMP6f,Vip-IRES-Cre/wt;Ai148(TIT2L-GC6f-ICL-tTA2)/wt,['Vip-IRES-Cre'],Vip-IRES-Cre,Ai148(TIT2L-GC6f-ICL-tTA2),F,174,175,VISp,175,,VisualBehavior,OPHYS_4_images_B,4,B,active_behavior,FALSE,Novel 1,0,0,4,44167.59135,CAM2P.3,25-03-21 0:00,1048162544,468
1068173247,1067818154,1067794510,1064333290,538219,GCaMP6f,Vip-IRES-Cre/wt;Ai148(TIT2L-GC6f-ICL-tTA2)/wt,['Vip-IRES-Cre'],Vip-IRES-Cre,Ai148(TIT2L-GC6f-ICL-tTA2),F,175,175,VISp,175,,VisualBehavior,OPHYS_5_images_B_passive,5,B,passive_viewing,TRUE,Novel >1,0,1,5,44168.59253,CAM2P.3,25-03-21 0:00,1048162544,469
1069286452,1069251048,1069224939,1064333290,538219,GCaMP6f,Vip-IRES-Cre/wt;Ai148(TIT2L-GC6f-ICL-tTA2)/wt,['Vip-IRES-Cre'],Vip-IRES-Cre,Ai148(TIT2L-GC6f-ICL-tTA2),F,181,175,VISp,175,,VisualBehavior,OPHYS_6_images_B,6,B,active_behavior,FALSE,Novel >1,1,3,7,44174.60321,CAM2P.3,25-03-21 0:00,1048162544,470
972701564,972429310,972293086,968451510,479426,GCaMP6s,Slc17a7-IRES2-Cre/wt;Camk2a-tTA/wt;Ai94(TITL-GCaMP6s)/wt,"['Slc17a7-IRES2-Cre', 'Camk2a-tTA']",Slc17a7-IRES2-Cre,Ai94(TITL-GCaMP6s),F,135,175,VISp,175,,VisualBehavior,OPHYS_1_images_A,1,A,active_behavior,FALSE,Familiar,0,23,0,43762.38738,CAM2P.5,25-03-21 0:00,926756680,520
973927944,973679718,973620774,968451510,479426,GCaMP6s,Slc17a7-IRES2-Cre/wt;Camk2a-tTA/wt;Ai94(TITL-GCaMP6s)/wt,"['Slc17a7-IRES2-Cre', 'Camk2a-tTA']",Slc17a7-IRES2-Cre,Ai94(TITL-GCaMP6s),F,140,175,VISp,175,,VisualBehavior,OPHYS_2_images_A_passive,2,A,passive_viewing,TRUE,Familiar,1,26,3,43767.37362,CAM2P.5,25-03-21 0:00,926756680,521
974384470,974140453,974019098,968451510,479426,GCaMP6s,Slc17a7-IRES2-Cre/wt;Camk2a-tTA/wt;Ai94(TITL-GCaMP6s)/wt,"['Slc17a7-IRES2-Cre', 'Camk2a-tTA']",Slc17a7-IRES2-Cre,Ai94(TITL-GCaMP6s),F,141,175,VISp,175,,VisualBehavior,OPHYS_3_images_A,3,A,active_behavior,FALSE,Familiar,1,27,4,43768.38308,CAM2P.5,25-03-21 0:00,926756680,522
974945686,974606492,974479344,968451510,479426,GCaMP6s,Slc17a7-IRES2-Cre/wt;Camk2a-tTA/wt;Ai94(TITL-GCaMP6s)/wt,"['Slc17a7-IRES2-Cre', 'Camk2a-tTA']",Slc17a7-IRES2-Cre,Ai94(TITL-GCaMP6s),F,142,175,VISp,175,,VisualBehavior,OPHYS_4_images_B,4,B,active_behavior,FALSE,Novel 1,0,0,5,43769.37085,CAM2P.5,25-03-21 0:00,926756680,523
977132456,976623704,976354690,968451510,479426,GCaMP6s,Slc17a7-IRES2-Cre/wt;Camk2a-tTA/wt;Ai94(TITL-GCaMP6s)/wt,"['Slc17a7-IRES2-Cre', 'Camk2a-tTA']",Slc17a7-IRES2-Cre,Ai94(TITL-GCaMP6s),F,147,175,VISp,175,,VisualBehavior,OPHYS_6_images_B,6,B,active_behavior,FALSE,Novel >1,1,2,7,43774.38013,CAM2P.5,25-03-21 0:00,926756680,524
977937585,977429735,977285599,968451510,479426,GCaMP6s,Slc17a7-IRES2-Cre/wt;Camk2a-tTA/wt;Ai94(TITL-GCaMP6s)/wt,"['Slc17a7-IRES2-Cre', 'Camk2a-tTA']",Slc17a7-IRES2-Cre,Ai94(TITL-GCaMP6s),F,148,175,VISp,175,,VisualBehavior,OPHYS_5_images_B_passive,5,B,passive_viewing,TRUE,Novel >1,0,3,8,43775.36826,CAM2P.5,25-03-21 0:00,926756680,525
946476556,946065801,945889501,939523510,457766,GCaMP6s,Slc17a7-IRES2-Cre/wt;Camk2a-tTA/wt;Ai94(TITL-GCaMP6s)/wt,"['Slc17a7-IRES2-Cre', 'Camk2a-tTA']",Slc17a7-IRES2-Cre,Ai94(TITL-GCaMP6s),M,199,175,VISp,175,,VisualBehavior,OPHYS_1_images_A,1,A,active_behavior,FALSE,Familiar,2,60,2,43721.51708,CAM2P.3,25-03-21 0:00,856448219,526
947724724,947329225,947174352,939523510,457766,GCaMP6s,Slc17a7-IRES2-Cre/wt;Camk2a-tTA/wt;Ai94(TITL-GCaMP6s)/wt,"['Slc17a7-IRES2-Cre', 'Camk2a-tTA']",Slc17a7-IRES2-Cre,Ai94(TITL-GCaMP6s),M,202,175,VISp,175,,VisualBehavior,OPHYS_1_images_A,1,A,active_behavior,FALSE,Familiar,3,61,3,43724.51157,CAM2P.3,25-03-21 0:00,856448219,527
948514870,948268536,948188768,939523510,457766,GCaMP6s,Slc17a7-IRES2-Cre/wt;Camk2a-tTA/wt;Ai94(TITL-GCaMP6s)/wt,"['Slc17a7-IRES2-Cre', 'Camk2a-tTA']",Slc17a7-IRES2-Cre,Ai94(TITL-GCaMP6s),M,203,175,VISp,175,,VisualBehavior,OPHYS_1_images_A,1,A,active_behavior,FALSE,Familiar,4,62,4,43725.5079,CAM2P.3,25-03-21 0:00,856448219,528
949637002,949404352,949356610,939523510,457766,GCaMP6s,Slc17a7-IRES2-Cre/wt;Camk2a-tTA/wt;Ai94(TITL-GCaMP6s)/wt,"['Slc17a7-IRES2-Cre', 'Camk2a-tTA']",Slc17a7-IRES2-Cre,Ai94(TITL-GCaMP6s),M,204,175,VISp,175,,VisualBehavior,OPHYS_1_images_A,1,A,active_behavior,FALSE,Familiar,5,63,5,43726.54649,CAM2P.3,25-03-21 0:00,856448219,529
950852107,950265106,949999044,939523510,457766,GCaMP6s,Slc17a7-IRES2-Cre/wt;Camk2a-tTA/wt;Ai94(TITL-GCaMP6s)/wt,"['Slc17a7-IRES2-Cre', 'Camk2a-tTA']",Slc17a7-IRES2-Cre,Ai94(TITL-GCaMP6s),M,205,175,VISp,175,,VisualBehavior,OPHYS_2_images_A_passive,2,A,passive_viewing,TRUE,Familiar,0,64,6,43727.54587,CAM2P.3,25-03-21 0:00,856448219,530
951932454,951662735,951556788,939523510,457766,GCaMP6s,Slc17a7-IRES2-Cre/wt;Camk2a-tTA/wt;Ai94(TITL-GCaMP6s)/wt,"['Slc17a7-IRES2-Cre', 'Camk2a-tTA']",Slc17a7-IRES2-Cre,Ai94(TITL-GCaMP6s),M,206,175,VISp,175,,VisualBehavior,OPHYS_3_images_A,3,A,active_behavior,FALSE,Familiar,0,65,7,43728.50649,CAM2P.3,25-03-21 0:00,856448219,531
953452368,952837870,952690419,939523510,457766,GCaMP6s,Slc17a7-IRES2-Cre/wt;Camk2a-tTA/wt;Ai94(TITL-GCaMP6s)/wt,"['Slc17a7-IRES2-Cre', 'Camk2a-tTA']",Slc17a7-IRES2-Cre,Ai94(TITL-GCaMP6s),M,209,175,VISp,175,,VisualBehavior,OPHYS_3_images_A,3,A,active_behavior,FALSE,Familiar,1,66,8,43731.47043,CAM2P.3,25-03-21 0:00,856448219,532
955278565,954963038,954800562,939523510,457766,GCaMP6s,Slc17a7-IRES2-Cre/wt;Camk2a-tTA/wt;Ai94(TITL-GCaMP6s)/wt,"['Slc17a7-IRES2-Cre', 'Camk2a-tTA']",Slc17a7-IRES2-Cre,Ai94(TITL-GCaMP6s),M,211,175,VISp,175,,VisualBehavior,OPHYS_3_images_A,3,A,active_behavior,FALSE,Familiar,3,68,10,43733.48637,CAM2P.3,25-03-21 0:00,856448219,533
956820482,956269097,956121729,939523510,457766,GCaMP6s,Slc17a7-IRES2-Cre/wt;Camk2a-tTA/wt;Ai94(TITL-GCaMP6s)/wt,"['Slc17a7-IRES2-Cre', 'Camk2a-tTA']",Slc17a7-IRES2-Cre,Ai94(TITL-GCaMP6s),M,212,175,VISp,175,,VisualBehavior,OPHYS_4_images_B,4,B,active_behavior,FALSE,Novel 1,0,0,11,43734.49165,CAM2P.3,25-03-21 0:00,856448219,534
957655294,957387951,957247123,939523510,457766,GCaMP6s,Slc17a7-IRES2-Cre/wt;Camk2a-tTA/wt;Ai94(TITL-GCaMP6s)/wt,"['Slc17a7-IRES2-Cre', 'Camk2a-tTA']",Slc17a7-IRES2-Cre,Ai94(TITL-GCaMP6s),M,213,175,VISp,175,,VisualBehavior,OPHYS_6_images_B,6,B,active_behavior,FALSE,Novel >1,0,1,12,43735.52817,CAM2P.3,25-03-21 0:00,856448219,535
958681110,958558087,958462458,939523510,457766,GCaMP6s,Slc17a7-IRES2-Cre/wt;Camk2a-tTA/wt;Ai94(TITL-GCaMP6s)/wt,"['Slc17a7-IRES2-Cre', 'Camk2a-tTA']",Slc17a7-IRES2-Cre,Ai94(TITL-GCaMP6s),M,216,175,VISp,175,,VisualBehavior,OPHYS_5_images_B_passive,5,B,passive_viewing,TRUE,Novel >1,0,2,13,43738.5578,CAM2P.3,25-03-21 0:00,856448219,536
889772922,889388078,889235128,902748650,456917,GCaMP6f,Slc17a7-IRES2-Cre/wt;Camk2a-tTA/wt;Ai93(TITL-GCaMP6f)/wt,"['Slc17a7-IRES2-Cre', 'Camk2a-tTA']",Slc17a7-IRES2-Cre,Ai93(TITL-GCaMP6f),F,117,375,VISp,375,,VisualBehavior,OPHYS_1_images_A,1,A,active_behavior,FALSE,Familiar,0,18,0,43634.48143,CAM2P.3,25-03-21 0:00,855685080,537
891054695,890625596,890362408,902748650,456917,GCaMP6f,Slc17a7-IRES2-Cre/wt;Camk2a-tTA/wt;Ai93(TITL-GCaMP6f)/wt,"['Slc17a7-IRES2-Cre', 'Camk2a-tTA']",Slc17a7-IRES2-Cre,Ai93(TITL-GCaMP6f),F,118,375,VISp,375,,VisualBehavior,OPHYS_2_images_A_passive,2,A,passive_viewing,TRUE,Familiar,0,19,1,43635.57676,CAM2P.3,25-03-21 0:00,855685080,538
891996193,891605682,891465652,902748650,456917,GCaMP6f,Slc17a7-IRES2-Cre/wt;Camk2a-tTA/wt;Ai93(TITL-GCaMP6f)/wt,"['Slc17a7-IRES2-Cre', 'Camk2a-tTA']",Slc17a7-IRES2-Cre,Ai93(TITL-GCaMP6f),F,119,375,VISp,375,,VisualBehavior,OPHYS_3_images_A,3,A,active_behavior,FALSE,Familiar,0,20,2,43636.45283,CAM2P.3,25-03-21 0:00,855685080,539
892805315,892526544,892423647,902748650,456917,GCaMP6f,Slc17a7-IRES2-Cre/wt;Camk2a-tTA/wt;Ai93(TITL-GCaMP6f)/wt,"['Slc17a7-IRES2-Cre', 'Camk2a-tTA']",Slc17a7-IRES2-Cre,Ai93(TITL-GCaMP6f),F,120,375,VISp,375,,VisualBehavior,OPHYS_4_images_B,4,B,active_behavior,FALSE,Novel 1,0,0,3,43637.46368,CAM2P.3,25-03-21 0:00,855685080,540
893831526,893488330,893413336,902748650,456917,GCaMP6f,Slc17a7-IRES2-Cre/wt;Camk2a-tTA/wt;Ai93(TITL-GCaMP6f)/wt,"['Slc17a7-IRES2-Cre', 'Camk2a-tTA']",Slc17a7-IRES2-Cre,Ai93(TITL-GCaMP6f),F,123,375,VISp,375,,VisualBehavior,OPHYS_5_images_B_passive,5,B,passive_viewing,TRUE,Novel >1,0,1,4,43640.5057,CAM2P.3,25-03-21 0:00,855685080,541
894726001,894368064,894204946,902748650,456917,GCaMP6f,Slc17a7-IRES2-Cre/wt;Camk2a-tTA/wt;Ai93(TITL-GCaMP6f)/wt,"['Slc17a7-IRES2-Cre', 'Camk2a-tTA']",Slc17a7-IRES2-Cre,Ai93(TITL-GCaMP6f),F,124,375,VISp,375,,VisualBehavior,OPHYS_6_images_B,6,B,active_behavior,FALSE,Novel >1,0,2,5,43641.46994,CAM2P.3,25-03-21 0:00,855685080,542
1007107386,1006931469,1006901110,1006071814,495789,GCaMP6f,Sst-IRES-Cre/wt;Ai148(TIT2L-GC6f-ICL-tTA2)/wt,['Sst-IRES-Cre'],Sst-IRES-Cre,Ai148(TIT2L-GC6f-ICL-tTA2),M,155,275,VISp,275,,VisualBehavior,OPHYS_1_images_A,1,A,active_behavior,FALSE,Familiar,0,9,0,43874.40029,CAM2P.3,25-03-21 0:00,985894742,549
1007372463,1007247990,1007216425,1006071814,495789,GCaMP6f,Sst-IRES-Cre/wt;Ai148(TIT2L-GC6f-ICL-tTA2)/wt,['Sst-IRES-Cre'],Sst-IRES-Cre,Ai148(TIT2L-GC6f-ICL-tTA2),M,156,275,VISp,275,,VisualBehavior,OPHYS_3_images_A,3,A,active_behavior,FALSE,Familiar,0,10,1,43875.3797,CAM2P.3,25-03-21 0:00,985894742,550
1007929142,1007744712,1007733253,1006071814,495789,GCaMP6f,Sst-IRES-Cre/wt;Ai148(TIT2L-GC6f-ICL-tTA2)/wt,['Sst-IRES-Cre'],Sst-IRES-Cre,Ai148(TIT2L-GC6f-ICL-tTA2),M,159,275,VISp,275,,VisualBehavior,OPHYS_2_images_A_passive,2,A,passive_viewing,TRUE,Familiar,0,11,2,43878.37889,CAM2P.3,25-03-21 0:00,985894742,551
1008318518,1008030870,1008005573,1006071814,495789,GCaMP6f,Sst-IRES-Cre/wt;Ai148(TIT2L-GC6f-ICL-tTA2)/wt,['Sst-IRES-Cre'],Sst-IRES-Cre,Ai148(TIT2L-GC6f-ICL-tTA2),M,160,275,VISp,275,,VisualBehavior,OPHYS_4_images_B,4,B,active_behavior,FALSE,Novel 1,0,0,3,43879.38267,CAM2P.3,25-03-21 0:00,985894742,552
1008738092,1008535747,1008486447,1006071814,495789,GCaMP6f,Sst-IRES-Cre/wt;Ai148(TIT2L-GC6f-ICL-tTA2)/wt,['Sst-IRES-Cre'],Sst-IRES-Cre,Ai148(TIT2L-GC6f-ICL-tTA2),M,161,275,VISp,275,,VisualBehavior,OPHYS_5_images_B_passive,5,B,passive_viewing,TRUE,Novel >1,0,1,4,43880.38364,CAM2P.3,25-03-21 0:00,985894742,553
1009114207,1008881178,1008813715,1006071814,495789,GCaMP6f,Sst-IRES-Cre/wt;Ai148(TIT2L-GC6f-ICL-tTA2)/wt,['Sst-IRES-Cre'],Sst-IRES-Cre,Ai148(TIT2L-GC6f-ICL-tTA2),M,162,275,VISp,275,,VisualBehavior,OPHYS_6_images_B,6,B,active_behavior,FALSE,Novel >1,0,2,5,43881.37289,CAM2P.3,25-03-21 0:00,985894742,554
1081536273,1081479282,1081459617,1080284671,546819,GCaMP6f,Sst-IRES-Cre/wt;Ai148(TIT2L-GC6f-ICL-tTA2)/wt,['Sst-IRES-Cre'],Sst-IRES-Cre,Ai148(TIT2L-GC6f-ICL-tTA2),M,182,275,VISp,275,,VisualBehavior,OPHYS_1_images_A,1,A,active_behavior,FALSE,Familiar,0,26,0,44231.62501,CAM2P.3,12-08-21 0:00,1056468289,733
1081832027,1081773193,1081735242,1080284671,546819,GCaMP6f,Sst-IRES-Cre/wt;Ai148(TIT2L-GC6f-ICL-tTA2)/wt,['Sst-IRES-Cre'],Sst-IRES-Cre,Ai148(TIT2L-GC6f-ICL-tTA2),M,183,275,VISp,275,,VisualBehavior,OPHYS_2_images_A_passive,2,A,passive_viewing,TRUE,Familiar,0,27,1,44232.61103,CAM2P.3,12-08-21 0:00,1056468289,734
1082414357,1082339563,1082325825,1080284671,546819,GCaMP6f,Sst-IRES-Cre/wt;Ai148(TIT2L-GC6f-ICL-tTA2)/wt,['Sst-IRES-Cre'],Sst-IRES-Cre,Ai148(TIT2L-GC6f-ICL-tTA2),M,186,275,VISp,275,,VisualBehavior,OPHYS_3_images_A,3,A,active_behavior,FALSE,Familiar,0,28,2,44235.60682,CAM2P.3,12-08-21 0:00,1056468289,735
1082818566,1082762804,1082748382,1080284671,546819,GCaMP6f,Sst-IRES-Cre/wt;Ai148(TIT2L-GC6f-ICL-tTA2)/wt,['Sst-IRES-Cre'],Sst-IRES-Cre,Ai148(TIT2L-GC6f-ICL-tTA2),M,187,275,VISp,275,,VisualBehavior,OPHYS_3_images_A,3,A,active_behavior,FALSE,Familiar,1,29,3,44236.59597,CAM2P.3,12-08-21 0:00,1056468289,736
1083070132,1083001647,1082988691,1080284671,546819,GCaMP6f,Sst-IRES-Cre/wt;Ai148(TIT2L-GC6f-ICL-tTA2)/wt,['Sst-IRES-Cre'],Sst-IRES-Cre,Ai148(TIT2L-GC6f-ICL-tTA2),M,188,275,VISp,275,,VisualBehavior,OPHYS_4_images_B,4,B,active_behavior,FALSE,Novel 1,0,0,4,44237.53707,CAM2P.3,12-08-21 0:00,1056468289,737
1083519876,1083458354,1083433752,1080284671,546819,GCaMP6f,Sst-IRES-Cre/wt;Ai148(TIT2L-GC6f-ICL-tTA2)/wt,['Sst-IRES-Cre'],Sst-IRES-Cre,Ai148(TIT2L-GC6f-ICL-tTA2),M,190,275,VISp,275,,VisualBehavior,OPHYS_5_images_B_passive,5,B,passive_viewing,TRUE,Novel >1,1,2,6,44239.51385,CAM2P.3,12-08-21 0:00,1056468289,738
1084305603,1084262448,1084241786,1080284671,546819,GCaMP6f,Sst-IRES-Cre/wt;Ai148(TIT2L-GC6f-ICL-tTA2)/wt,['Sst-IRES-Cre'],Sst-IRES-Cre,Ai148(TIT2L-GC6f-ICL-tTA2),M,194,275,VISp,275,,VisualBehavior,OPHYS_6_images_B,6,B,active_behavior,FALSE,Novel >1,0,3,7,44243.58778,CAM2P.3,12-08-21 0:00,1056468289,739
889771676,889175194,888940531,890047007,456916,GCaMP6f,Slc17a7-IRES2-Cre/wt;Camk2a-tTA/wt;Ai93(TITL-GCaMP6f)/wt,"['Slc17a7-IRES2-Cre', 'Camk2a-tTA']",Slc17a7-IRES2-Cre,Ai93(TITL-GCaMP6f),F,117,175,VISp,175,,VisualBehavior,OPHYS_1_images_A,1,A,active_behavior,FALSE,Familiar,0,13,0,43634.38749,CAM2P.5,25-03-21 0:00,855988827,815
891052180,890033129,889918231,890047007,456916,GCaMP6f,Slc17a7-IRES2-Cre/wt;Camk2a-tTA/wt;Ai93(TITL-GCaMP6f)/wt,"['Slc17a7-IRES2-Cre', 'Camk2a-tTA']",Slc17a7-IRES2-Cre,Ai93(TITL-GCaMP6f),F,118,175,VISp,175,,VisualBehavior,OPHYS_2_images_A_passive,2,A,passive_viewing,TRUE,Familiar,0,14,1,43635.38903,CAM2P.5,25-03-21 0:00,855988827,816
891994418,891446789,891193996,890047007,456916,GCaMP6f,Slc17a7-IRES2-Cre/wt;Camk2a-tTA/wt;Ai93(TITL-GCaMP6f)/wt,"['Slc17a7-IRES2-Cre', 'Camk2a-tTA']",Slc17a7-IRES2-Cre,Ai93(TITL-GCaMP6f),F,119,175,VISp,175,,VisualBehavior,OPHYS_3_images_A,3,A,active_behavior,FALSE,Familiar,0,15,2,43636.37201,CAM2P.5,25-03-21 0:00,855988827,817
892799212,892387261,892217026,890047007,456916,GCaMP6f,Slc17a7-IRES2-Cre/wt;Camk2a-tTA/wt;Ai93(TITL-GCaMP6f)/wt,"['Slc17a7-IRES2-Cre', 'Camk2a-tTA']",Slc17a7-IRES2-Cre,Ai93(TITL-GCaMP6f),F,120,175,VISp,175,,VisualBehavior,OPHYS_4_images_B,4,B,active_behavior,FALSE,Novel 1,0,0,3,43637.37722,CAM2P.5,25-03-21 0:00,855988827,818
894727297,894083470,893937838,890047007,456916,GCaMP6f,Slc17a7-IRES2-Cre/wt;Camk2a-tTA/wt;Ai93(TITL-GCaMP6f)/wt,"['Slc17a7-IRES2-Cre', 'Camk2a-tTA']",Slc17a7-IRES2-Cre,Ai93(TITL-GCaMP6f),F,124,175,VISp,175,,VisualBehavior,OPHYS_6_images_B,6,B,active_behavior,FALSE,Novel >1,0,2,5,43641.37556,CAM2P.5,25-03-21 0:00,855988827,819
898747791,898440124,898295293,890047007,456916,GCaMP6f,Slc17a7-IRES2-Cre/wt;Camk2a-tTA/wt;Ai93(TITL-GCaMP6f)/wt,"['Slc17a7-IRES2-Cre', 'Camk2a-tTA']",Slc17a7-IRES2-Cre,Ai93(TITL-GCaMP6f),F,130,175,VISp,175,,VisualBehavior,OPHYS_5_images_B_passive,5,B,passive_viewing,TRUE,Novel >1,1,3,7,43647.37827,CAM2P.5,25-03-21 0:00,855988827,820
822024770,821521826,821471625,803516615,423606,GCaMP6s,Slc17a7-IRES2-Cre/wt;Camk2a-tTA/wt;Ai94(TITL-GCaMP6s)/wt,"['Slc17a7-IRES2-Cre', 'Camk2a-tTA']",Slc17a7-IRES2-Cre,Ai94(TITL-GCaMP6s),M,150,175,VISp,175,,VisualBehavior,OPHYS_1_images_A,1,A,active_behavior,FALSE,Familiar,3,20,14,43508.38289,CAM2P.3,25-03-21 0:00,774563995,894
822641265,822249041,822081744,803516615,423606,GCaMP6s,Slc17a7-IRES2-Cre/wt;Camk2a-tTA/wt;Ai94(TITL-GCaMP6s)/wt,"['Slc17a7-IRES2-Cre', 'Camk2a-tTA']",Slc17a7-IRES2-Cre,Ai94(TITL-GCaMP6s),M,151,175,VISp,175,,VisualBehavior,OPHYS_2_images_A_passive,2,A,passive_viewing,TRUE,Familiar,1,21,15,43509.39173,CAM2P.3,25-03-21 0:00,774563995,895
823392290,822995693,822734832,803516615,423606,GCaMP6s,Slc17a7-IRES2-Cre/wt;Camk2a-tTA/wt;Ai94(TITL-GCaMP6s)/wt,"['Slc17a7-IRES2-Cre', 'Camk2a-tTA']",Slc17a7-IRES2-Cre,Ai94(TITL-GCaMP6s),M,152,175,VISp,175,,VisualBehavior,OPHYS_3_images_A,3,A,active_behavior,FALSE,Familiar,1,22,16,43510.4001,CAM2P.3,25-03-21 0:00,774563995,896
825120601,824625446,824433631,803516615,423606,GCaMP6s,Slc17a7-IRES2-Cre/wt;Camk2a-tTA/wt;Ai94(TITL-GCaMP6s)/wt,"['Slc17a7-IRES2-Cre', 'Camk2a-tTA']",Slc17a7-IRES2-Cre,Ai94(TITL-GCaMP6s),M,156,175,VISp,175,,VisualBehavior,OPHYS_4_images_B,4,B,active_behavior,FALSE,Novel >1,1,5,17,43514.3725,CAM2P.3,25-03-21 0:00,774563995,897
825623170,825235376,825182159,803516615,423606,GCaMP6s,Slc17a7-IRES2-Cre/wt;Camk2a-tTA/wt;Ai94(TITL-GCaMP6s)/wt,"['Slc17a7-IRES2-Cre', 'Camk2a-tTA']",Slc17a7-IRES2-Cre,Ai94(TITL-GCaMP6s),M,157,175,VISp,175,,VisualBehavior,OPHYS_5_images_B_passive,5,B,passive_viewing,TRUE,Novel >1,1,6,18,43515.35567,CAM2P.3,25-03-21 0:00,774563995,898
826585773,825801398,825682144,803516615,423606,GCaMP6s,Slc17a7-IRES2-Cre/wt;Camk2a-tTA/wt;Ai94(TITL-GCaMP6s)/wt,"['Slc17a7-IRES2-Cre', 'Camk2a-tTA']",Slc17a7-IRES2-Cre,Ai94(TITL-GCaMP6s),M,158,175,VISp,175,,VisualBehavior,OPHYS_6_images_B,6,B,active_behavior,FALSE,Novel >1,3,7,19,43516.3512,CAM2P.3,25-03-21 0:00,774563995,899
1042387068,1042294199,1042249629,1039579201,524274,GCaMP6f,Sst-IRES-Cre/wt;Ai148(TIT2L-GC6f-ICL-tTA2)/wt,['Sst-IRES-Cre'],Sst-IRES-Cre,Ai148(TIT2L-GC6f-ICL-tTA2),M,146,275,VISp,275,,VisualBehavior,OPHYS_1_images_A,1,A,active_behavior,FALSE,Familiar,0,27,0,44054.47127,CAM2P.4,25-03-21 0:00,1027448106,900
1042639868,1042542860,1042505240,1039579201,524274,GCaMP6f,Sst-IRES-Cre/wt;Ai148(TIT2L-GC6f-ICL-tTA2)/wt,['Sst-IRES-Cre'],Sst-IRES-Cre,Ai148(TIT2L-GC6f-ICL-tTA2),M,147,275,VISp,275,,VisualBehavior,OPHYS_1_images_A,1,A,active_behavior,FALSE,Familiar,1,28,1,44055.43684,CAM2P.4,25-03-21 0:00,1027448106,901
1043218895,1043099283,1043063803,1039579201,524274,GCaMP6f,Sst-IRES-Cre/wt;Ai148(TIT2L-GC6f-ICL-tTA2)/wt,['Sst-IRES-Cre'],Sst-IRES-Cre,Ai148(TIT2L-GC6f-ICL-tTA2),M,149,275,VISp,275,,VisualBehavior,OPHYS_2_images_A_passive,2,A,passive_viewing,TRUE,Familiar,1,30,3,44057.46814,CAM2P.4,25-03-21 0:00,1027448106,902
1043831389,1043786075,1043752192,1039579201,524274,GCaMP6f,Sst-IRES-Cre/wt;Ai148(TIT2L-GC6f-ICL-tTA2)/wt,['Sst-IRES-Cre'],Sst-IRES-Cre,Ai148(TIT2L-GC6f-ICL-tTA2),M,152,275,VISp,275,,VisualBehavior,OPHYS_3_images_A,3,A,active_behavior,FALSE,Familiar,0,31,4,44060.6246,CAM2P.4,25-03-21 0:00,1027448106,903
1044095203,1044011835,1043989533,1039579201,524274,GCaMP6f,Sst-IRES-Cre/wt;Ai148(TIT2L-GC6f-ICL-tTA2)/wt,['Sst-IRES-Cre'],Sst-IRES-Cre,Ai148(TIT2L-GC6f-ICL-tTA2),M,153,275,VISp,275,,VisualBehavior,OPHYS_4_images_B,4,B,active_behavior,FALSE,Novel 1,0,0,5,44061.52871,CAM2P.4,25-03-21 0:00,1027448106,904
1044446322,1044396778,1044383167,1039579201,524274,GCaMP6f,Sst-IRES-Cre/wt;Ai148(TIT2L-GC6f-ICL-tTA2)/wt,['Sst-IRES-Cre'],Sst-IRES-Cre,Ai148(TIT2L-GC6f-ICL-tTA2),M,154,275,VISp,275,,VisualBehavior,OPHYS_5_images_B_passive,5,B,passive_viewing,TRUE,Novel >1,0,1,6,44062.55795,CAM2P.4,25-03-21 0:00,1027448106,905
1044678595,1044602299,1044580813,1039579201,524274,GCaMP6f,Sst-IRES-Cre/wt;Ai148(TIT2L-GC6f-ICL-tTA2)/wt,['Sst-IRES-Cre'],Sst-IRES-Cre,Ai148(TIT2L-GC6f-ICL-tTA2),M,155,275,VISp,275,,VisualBehavior,OPHYS_6_images_B,6,B,active_behavior,FALSE,Novel >1,0,2,7,44063.53764,CAM2P.4,25-03-21 0:00,1027448106,906
806456687,806109931,805989030,803517529,425493,GCaMP6f,Slc17a7-IRES2-Cre/wt;Camk2a-tTA/wt;Ai93(TITL-GCaMP6f)/wt,"['Slc17a7-IRES2-Cre', 'Camk2a-tTA']",Slc17a7-IRES2-Cre,Ai93(TITL-GCaMP6f),M,106,375,VISp,375,,VisualBehavior,OPHYS_1_images_A,1,A,active_behavior,FALSE,Familiar,0,8,2,43474.45042,CAM2P.4,25-03-21 0:00,782229094,907
807752719,807356557,807208045,803517529,425493,GCaMP6f,Slc17a7-IRES2-Cre/wt;Camk2a-tTA/wt;Ai93(TITL-GCaMP6f)/wt,"['Slc17a7-IRES2-Cre', 'Camk2a-tTA']",Slc17a7-IRES2-Cre,Ai93(TITL-GCaMP6f),M,108,375,VISp,375,,VisualBehavior,OPHYS_3_images_A,3,A,active_behavior,FALSE,Familiar,0,10,4,43476.44602,CAM2P.4,25-03-21 0:00,782229094,908
808619543,808324301,808107961,803517529,425493,GCaMP6f,Slc17a7-IRES2-Cre/wt;Camk2a-tTA/wt;Ai93(TITL-GCaMP6f)/wt,"['Slc17a7-IRES2-Cre', 'Camk2a-tTA']",Slc17a7-IRES2-Cre,Ai93(TITL-GCaMP6f),M,111,375,VISp,375,,VisualBehavior,OPHYS_4_images_B,4,B,active_behavior,FALSE,Novel 1,0,0,5,43479.46522,CAM2P.4,25-03-21 0:00,782229094,909
811456530,811303680,811234448,803517529,425493,GCaMP6f,Slc17a7-IRES2-Cre/wt;Camk2a-tTA/wt;Ai93(TITL-GCaMP6f)/wt,"['Slc17a7-IRES2-Cre', 'Camk2a-tTA']",Slc17a7-IRES2-Cre,Ai93(TITL-GCaMP6f),M,118,375,VISp,375,,VisualBehavior,OPHYS_2_images_A_passive,2,A,passive_viewing,TRUE,Familiar,2,12,10,43486.47883,CAM2P.4,25-03-21 0:00,782229094,910
813083478,812955256,812802821,803517529,425493,GCaMP6f,Slc17a7-IRES2-Cre/wt;Camk2a-tTA/wt;Ai93(TITL-GCaMP6f)/wt,"['Slc17a7-IRES2-Cre', 'Camk2a-tTA']",Slc17a7-IRES2-Cre,Ai93(TITL-GCaMP6f),M,121,375,VISp,375,,VisualBehavior,OPHYS_6_images_B,6,B,active_behavior,FALSE,Novel >1,1,4,12,43489.45598,CAM2P.4,25-03-21 0:00,782229094,911
815652334,815521974,815485890,812858755,431023,GCaMP6f,Slc17a7-IRES2-Cre/wt;Camk2a-tTA/wt;Ai93(TITL-GCaMP6f)/wt,"['Slc17a7-IRES2-Cre', 'Camk2a-tTA']",Slc17a7-IRES2-Cre,Ai93(TITL-GCaMP6f),M,97,175,VISp,175,,VisualBehavior,OPHYS_2_images_A_passive,2,A,passive_viewing,TRUE,Familiar,0,9,3,43495.55604,CAM2P.5,25-03-21 0:00,796874559,1004
817267785,817165094,817101568,812858755,431023,GCaMP6f,Slc17a7-IRES2-Cre/wt;Camk2a-tTA/wt;Ai93(TITL-GCaMP6f)/wt,"['Slc17a7-IRES2-Cre', 'Camk2a-tTA']",Slc17a7-IRES2-Cre,Ai93(TITL-GCaMP6f),M,99,175,VISp,175,,VisualBehavior,OPHYS_4_images_B,4,B,active_behavior,FALSE,Novel 1,0,0,5,43497.52389,CAM2P.5,25-03-21 0:00,796874559,1005
820307518,820124540,819949602,812858755,431023,GCaMP6f,Slc17a7-IRES2-Cre/wt;Camk2a-tTA/wt;Ai93(TITL-GCaMP6f)/wt,"['Slc17a7-IRES2-Cre', 'Camk2a-tTA']",Slc17a7-IRES2-Cre,Ai93(TITL-GCaMP6f),M,105,175,VISp,175,,VisualBehavior,OPHYS_6_images_B,6,B,active_behavior,FALSE,Novel >1,0,4,9,43503.62885,CAM2P.5,25-03-21 0:00,796574293,1006
822647135,822439453,822388759,812858755,431023,GCaMP6f,Slc17a7-IRES2-Cre/wt;Camk2a-tTA/wt;Ai93(TITL-GCaMP6f)/wt,"['Slc17a7-IRES2-Cre', 'Camk2a-tTA']",Slc17a7-IRES2-Cre,Ai93(TITL-GCaMP6f),M,111,175,VISp,175,,VisualBehavior,OPHYS_1_images_A,1,A,active_behavior,FALSE,Familiar,2,12,12,43509.58073,CAM2P.5,25-03-21 0:00,796874559,1007
825130141,824894721,824745199,812858755,431023,GCaMP6f,Slc17a7-IRES2-Cre/wt;Camk2a-tTA/wt;Ai93(TITL-GCaMP6f)/wt,"['Slc17a7-IRES2-Cre', 'Camk2a-tTA']",Slc17a7-IRES2-Cre,Ai93(TITL-GCaMP6f),M,116,175,VISp,175,,VisualBehavior,OPHYS_3_images_A,3,A,active_behavior,FALSE,Familiar,1,14,15,43514.49684,CAM2P.5,25-03-21 0:00,796874559,1008
842975542,842812730,842752650,876693136,442709,GCaMP6s,Slc17a7-IRES2-Cre/wt;Camk2a-tTA/wt;Ai94(TITL-GCaMP6s)/wt,"['Slc17a7-IRES2-Cre', 'Camk2a-tTA']",Slc17a7-IRES2-Cre,Ai94(TITL-GCaMP6s),F,97,175,VISp,175,,VisualBehavior,OPHYS_1_images_A,1,A,active_behavior,FALSE,Familiar,1,12,1,43552.47403,CAM2P.4,25-03-21 0:00,823276249,1016
843520488,843401576,843363571,876693136,442709,GCaMP6s,Slc17a7-IRES2-Cre/wt;Camk2a-tTA/wt;Ai94(TITL-GCaMP6s)/wt,"['Slc17a7-IRES2-Cre', 'Camk2a-tTA']",Slc17a7-IRES2-Cre,Ai94(TITL-GCaMP6s),F,98,175,VISp,175,,VisualBehavior,OPHYS_2_images_A_passive,2,A,passive_viewing,TRUE,Familiar,0,13,2,43553.54892,CAM2P.4,25-03-21 0:00,823276249,1017
844395446,844027599,843871375,876693136,442709,GCaMP6s,Slc17a7-IRES2-Cre/wt;Camk2a-tTA/wt;Ai94(TITL-GCaMP6s)/wt,"['Slc17a7-IRES2-Cre', 'Camk2a-tTA']",Slc17a7-IRES2-Cre,Ai94(TITL-GCaMP6s),F,101,175,VISp,175,,VisualBehavior,OPHYS_3_images_A,3,A,active_behavior,FALSE,Familiar,0,14,3,43556.37547,CAM2P.4,25-03-21 0:00,823276249,1018
845037476,844649493,844465368,876693136,442709,GCaMP6s,Slc17a7-IRES2-Cre/wt;Camk2a-tTA/wt;Ai94(TITL-GCaMP6s)/wt,"['Slc17a7-IRES2-Cre', 'Camk2a-tTA']",Slc17a7-IRES2-Cre,Ai94(TITL-GCaMP6s),F,102,175,VISp,175,,VisualBehavior,OPHYS_4_images_B,4,B,active_behavior,FALSE,Novel 1,0,0,4,43557.38354,CAM2P.4,25-03-21 0:00,823276249,1019
846487947,846011320,845840207,876693136,442709,GCaMP6s,Slc17a7-IRES2-Cre/wt;Camk2a-tTA/wt;Ai94(TITL-GCaMP6s)/wt,"['Slc17a7-IRES2-Cre', 'Camk2a-tTA']",Slc17a7-IRES2-Cre,Ai94(TITL-GCaMP6s),F,104,175,VISp,175,,VisualBehavior,OPHYS_6_images_B,6,B,active_behavior,FALSE,Novel >1,0,1,5,43559.37245,CAM2P.4,25-03-21 0:00,823276249,1020
847241639,846710859,846605051,876693136,442709,GCaMP6s,Slc17a7-IRES2-Cre/wt;Camk2a-tTA/wt;Ai94(TITL-GCaMP6s)/wt,"['Slc17a7-IRES2-Cre', 'Camk2a-tTA']",Slc17a7-IRES2-Cre,Ai94(TITL-GCaMP6s),F,105,175,VISp,175,,VisualBehavior,OPHYS_5_images_B_passive,5,B,passive_viewing,TRUE,Novel >1,0,2,6,43560.37337,CAM2P.4,25-03-21 0:00,823276249,1021
848692970,848599542,848253761,846213087,436662,GCaMP6f,Slc17a7-IRES2-Cre/wt;Camk2a-tTA/wt;Ai93(TITL-GCaMP6f)/wt,"['Slc17a7-IRES2-Cre', 'Camk2a-tTA']",Slc17a7-IRES2-Cre,Ai93(TITL-GCaMP6f),M,138,375,VISp,375,,VisualBehavior,OPHYS_1_images_A,1,A,active_behavior,FALSE,Familiar,0,35,0,43564.54588,CAM2P.4,25-03-21 0:00,811186818,1150
849199228,849136474,848891498,846213087,436662,GCaMP6f,Slc17a7-IRES2-Cre/wt;Camk2a-tTA/wt;Ai93(TITL-GCaMP6f)/wt,"['Slc17a7-IRES2-Cre', 'Camk2a-tTA']",Slc17a7-IRES2-Cre,Ai93(TITL-GCaMP6f),M,139,375,VISp,375,,VisualBehavior,OPHYS_2_images_A_passive,2,A,passive_viewing,TRUE,Familiar,0,36,1,43565.5552,CAM2P.4,25-03-21 0:00,811186818,1151
850489605,849648618,849600749,846213087,436662,GCaMP6f,Slc17a7-IRES2-Cre/wt;Camk2a-tTA/wt;Ai93(TITL-GCaMP6f)/wt,"['Slc17a7-IRES2-Cre', 'Camk2a-tTA']",Slc17a7-IRES2-Cre,Ai93(TITL-GCaMP6f),M,140,375,VISp,375,,VisualBehavior,OPHYS_3_images_A,3,A,active_behavior,FALSE,Familiar,0,37,2,43566.51449,CAM2P.4,25-03-21 0:00,811186818,1152
851056106,850985993,850959798,846213087,436662,GCaMP6f,Slc17a7-IRES2-Cre/wt;Camk2a-tTA/wt;Ai93(TITL-GCaMP6f)/wt,"['Slc17a7-IRES2-Cre', 'Camk2a-tTA']",Slc17a7-IRES2-Cre,Ai93(TITL-GCaMP6f),M,141,375,VISp,375,,VisualBehavior,OPHYS_4_images_B,4,B,active_behavior,FALSE,Novel 1,0,0,3,43567.55535,CAM2P.4,25-03-21 0:00,811186818,1153
851932055,851757903,851438454,846213087,436662,GCaMP6f,Slc17a7-IRES2-Cre/wt;Camk2a-tTA/wt;Ai93(TITL-GCaMP6f)/wt,"['Slc17a7-IRES2-Cre', 'Camk2a-tTA']",Slc17a7-IRES2-Cre,Ai93(TITL-GCaMP6f),M,144,375,VISp,375,,VisualBehavior,OPHYS_5_images_B_passive,5,B,passive_viewing,TRUE,Novel >1,0,1,4,43570.50084,CAM2P.4,25-03-21 0:00,811186818,1154
853962969,853496105,853416014,846213087,436662,GCaMP6f,Slc17a7-IRES2-Cre/wt;Camk2a-tTA/wt;Ai93(TITL-GCaMP6f)/wt,"['Slc17a7-IRES2-Cre', 'Camk2a-tTA']",Slc17a7-IRES2-Cre,Ai93(TITL-GCaMP6f),M,147,375,VISp,375,,VisualBehavior,OPHYS_6_images_B,6,B,active_behavior,FALSE,Novel >1,1,3,7,43573.38469,CAM2P.4,25-03-21 0:00,811186818,1155
842973730,842729895,842583486,843049827,440298,GCaMP6f,Slc17a7-IRES2-Cre/wt;Camk2a-tTA/wt;Ai93(TITL-GCaMP6f)/wt,"['Slc17a7-IRES2-Cre', 'Camk2a-tTA']",Slc17a7-IRES2-Cre,Ai93(TITL-GCaMP6f),M,108,375,VISp,375,,VisualBehavior,OPHYS_1_images_A,1,A,active_behavior,FALSE,Familiar,0,12,0,43552.38749,CAM2P.3,25-03-21 0:00,822459611,1242
843519218,843203333,843049997,843049827,440298,GCaMP6f,Slc17a7-IRES2-Cre/wt;Camk2a-tTA/wt;Ai93(TITL-GCaMP6f)/wt,"['Slc17a7-IRES2-Cre', 'Camk2a-tTA']",Slc17a7-IRES2-Cre,Ai93(TITL-GCaMP6f),M,109,375,VISp,375,,VisualBehavior,OPHYS_2_images_A_passive,2,A,passive_viewing,TRUE,Familiar,0,13,1,43553.37418,CAM2P.3,25-03-21 0:00,822459611,1243
848694639,845441512,845219209,843049827,440298,GCaMP6f,Slc17a7-IRES2-Cre/wt;Camk2a-tTA/wt;Ai93(TITL-GCaMP6f)/wt,"['Slc17a7-IRES2-Cre', 'Camk2a-tTA']",Slc17a7-IRES2-Cre,Ai93(TITL-GCaMP6f),M,114,375,VISp,375,,VisualBehavior,OPHYS_4_images_B,4,B,active_behavior,FALSE,Novel 1,0,0,4,43558.42768,CAM2P.3,25-03-21 0:00,822459611,1244
847125577,846929750,846599329,843049827,440298,GCaMP6f,Slc17a7-IRES2-Cre/wt;Camk2a-tTA/wt;Ai93(TITL-GCaMP6f)/wt,"['Slc17a7-IRES2-Cre', 'Camk2a-tTA']",Slc17a7-IRES2-Cre,Ai93(TITL-GCaMP6f),M,116,375,VISp,375,,VisualBehavior,OPHYS_6_images_B,6,B,active_behavior,FALSE,Novel >1,0,2,6,43560.46345,CAM2P.3,25-03-21 0:00,822459611,1245
848698709,848503804,848264175,843049827,440298,GCaMP6f,Slc17a7-IRES2-Cre/wt;Camk2a-tTA/wt;Ai93(TITL-GCaMP6f)/wt,"['Slc17a7-IRES2-Cre', 'Camk2a-tTA']",Slc17a7-IRES2-Cre,Ai93(TITL-GCaMP6f),M,120,375,VISp,375,,VisualBehavior,OPHYS_5_images_B_passive,5,B,passive_viewing,TRUE,Novel >1,1,3,7,43564.4798,CAM2P.3,25-03-21 0:00,822459611,1246
830700781,830419451,830272668,829561794,431252,GCaMP6f,Slc17a7-IRES2-Cre/wt;Camk2a-tTA/wt;Ai93(TITL-GCaMP6f)/wt,"['Slc17a7-IRES2-Cre', 'Camk2a-tTA']",Slc17a7-IRES2-Cre,Ai93(TITL-GCaMP6f),F,133,375,VISp,375,,VisualBehavior,OPHYS_1_images_A,1,A,active_behavior,FALSE,Familiar,0,17,4,43524.44412,CAM2P.4,25-03-21 0:00,792314934,1267
833629926,833100683,833002992,829561794,431252,GCaMP6f,Slc17a7-IRES2-Cre/wt;Camk2a-tTA/wt;Ai93(TITL-GCaMP6f)/wt,"['Slc17a7-IRES2-Cre', 'Camk2a-tTA']",Slc17a7-IRES2-Cre,Ai93(TITL-GCaMP6f),F,139,375,VISp,375,,VisualBehavior,OPHYS_3_images_A,3,A,active_behavior,FALSE,Familiar,1,20,7,43530.43459,CAM2P.4,25-03-21 0:00,792314934,1268
834279496,833946929,833812106,829561794,431252,GCaMP6f,Slc17a7-IRES2-Cre/wt;Camk2a-tTA/wt;Ai93(TITL-GCaMP6f)/wt,"['Slc17a7-IRES2-Cre', 'Camk2a-tTA']",Slc17a7-IRES2-Cre,Ai93(TITL-GCaMP6f),F,140,375,VISp,375,,VisualBehavior,OPHYS_4_images_B,4,B,active_behavior,FALSE,Novel 1,0,0,8,43531.4518,CAM2P.4,25-03-21 0:00,792314934,1269
835006071,834928595,834887125,829561794,431252,GCaMP6f,Slc17a7-IRES2-Cre/wt;Camk2a-tTA/wt;Ai93(TITL-GCaMP6f)/wt,"['Slc17a7-IRES2-Cre', 'Camk2a-tTA']",Slc17a7-IRES2-Cre,Ai93(TITL-GCaMP6f),F,141,375,VISp,375,,VisualBehavior,OPHYS_4_images_B,4,B,active_behavior,FALSE,Novel >1,1,1,9,43532.66244,CAM2P.4,25-03-21 0:00,792314934,1270
836258936,835940015,835796136,829561794,431252,GCaMP6f,Slc17a7-IRES2-Cre/wt;Camk2a-tTA/wt;Ai93(TITL-GCaMP6f)/wt,"['Slc17a7-IRES2-Cre', 'Camk2a-tTA']",Slc17a7-IRES2-Cre,Ai93(TITL-GCaMP6f),F,145,375,VISp,375,,VisualBehavior,OPHYS_6_images_B,6,B,active_behavior,FALSE,Novel >1,0,3,11,43536.4437,CAM2P.4,25-03-21 0:00,792314934,1271
837296345,837108110,836962545,829561794,431252,GCaMP6f,Slc17a7-IRES2-Cre/wt;Camk2a-tTA/wt;Ai93(TITL-GCaMP6f)/wt,"['Slc17a7-IRES2-Cre', 'Camk2a-tTA']",Slc17a7-IRES2-Cre,Ai93(TITL-GCaMP6f),F,147,375,VISp,375,,VisualBehavior,OPHYS_2_images_A_passive,2,A,passive_viewing,TRUE,Familiar,1,21,13,43538.42728,CAM2P.4,25-03-21 0:00,792314934,1272
837729902,837512169,837363020,829561794,431252,GCaMP6f,Slc17a7-IRES2-Cre/wt;Camk2a-tTA/wt;Ai93(TITL-GCaMP6f)/wt,"['Slc17a7-IRES2-Cre', 'Camk2a-tTA']",Slc17a7-IRES2-Cre,Ai93(TITL-GCaMP6f),F,148,375,VISp,375,,VisualBehavior,OPHYS_5_images_B_passive,5,B,passive_viewing,TRUE,Novel >1,1,4,14,43539.37301,CAM2P.4,25-03-21 0:00,792314934,1273
882520593,882434675,882351065,876461613,453913,GCaMP6f,Slc17a7-IRES2-Cre/wt;Camk2a-tTA/wt;Ai93(TITL-GCaMP6f)/wt,"['Slc17a7-IRES2-Cre', 'Camk2a-tTA']",Slc17a7-IRES2-Cre,Ai93(TITL-GCaMP6f),F,118,175,VISp,175,,VisualBehavior,OPHYS_2_images_A_passive,2,A,passive_viewing,TRUE,Familiar,0,19,2,43622.56851,CAM2P.4,25-03-21 0:00,849027978,1407
885067844,884888379,884359468,876461613,453913,GCaMP6f,Slc17a7-IRES2-Cre/wt;Camk2a-tTA/wt;Ai93(TITL-GCaMP6f)/wt,"['Slc17a7-IRES2-Cre', 'Camk2a-tTA']",Slc17a7-IRES2-Cre,Ai93(TITL-GCaMP6f),F,123,175,VISp,175,,VisualBehavior,OPHYS_3_images_A,3,A,active_behavior,FALSE,Familiar,0,21,4,43627.56708,CAM2P.4,25-03-21 0:00,849027978,1408
888666698,888301437,888190799,876461613,453913,GCaMP6f,Slc17a7-IRES2-Cre/wt;Camk2a-tTA/wt;Ai93(TITL-GCaMP6f)/wt,"['Slc17a7-IRES2-Cre', 'Camk2a-tTA']",Slc17a7-IRES2-Cre,Ai93(TITL-GCaMP6f),F,129,175,VISp,175,,VisualBehavior,OPHYS_1_images_A,1,A,active_behavior,FALSE,Familiar,6,25,8,43633.55453,CAM2P.4,25-03-21 0:00,849027978,1409
889775742,889559462,889179793,876461613,453913,GCaMP6f,Slc17a7-IRES2-Cre/wt;Camk2a-tTA/wt;Ai93(TITL-GCaMP6f)/wt,"['Slc17a7-IRES2-Cre', 'Camk2a-tTA']",Slc17a7-IRES2-Cre,Ai93(TITL-GCaMP6f),F,130,175,VISp,175,,VisualBehavior,OPHYS_4_images_B,4,B,active_behavior,FALSE,Novel 1,0,0,9,43634.59022,CAM2P.4,25-03-21 0:00,849027978,1410
891067673,890374401,890086402,876461613,453913,GCaMP6f,Slc17a7-IRES2-Cre/wt;Camk2a-tTA/wt;Ai93(TITL-GCaMP6f)/wt,"['Slc17a7-IRES2-Cre', 'Camk2a-tTA']",Slc17a7-IRES2-Cre,Ai93(TITL-GCaMP6f),F,131,175,VISp,175,,VisualBehavior,OPHYS_5_images_B_passive,5,B,passive_viewing,TRUE,Novel >1,0,1,10,43635.50604,CAM2P.4,25-03-21 0:00,849027978,1411
792813858,792477679,792327341,814796612,412366,GCaMP6f,Slc17a7-IRES2-Cre/wt;Camk2a-tTA/wt;Ai93(TITL-GCaMP6f)/wt,"['Slc17a7-IRES2-Cre', 'Camk2a-tTA']",Slc17a7-IRES2-Cre,Ai93(TITL-GCaMP6f),F,147,375,VISp,375,,VisualBehavior,OPHYS_1_images_A,1,A,active_behavior,FALSE,Familiar,0,11,1,43444.37006,CAM2P.4,25-03-21 0:00,765187424,1412
794381992,794071128,793857113,814796612,412366,GCaMP6f,Slc17a7-IRES2-Cre/wt;Camk2a-tTA/wt;Ai93(TITL-GCaMP6f)/wt,"['Slc17a7-IRES2-Cre', 'Camk2a-tTA']",Slc17a7-IRES2-Cre,Ai93(TITL-GCaMP6f),F,149,375,VISp,375,,VisualBehavior,OPHYS_3_images_A,3,A,active_behavior,FALSE,Familiar,0,13,3,43446.37126,CAM2P.4,25-03-21 0:00,765187424,1413
795076128,794673280,794474159,814796612,412366,GCaMP6f,Slc17a7-IRES2-Cre/wt;Camk2a-tTA/wt;Ai93(TITL-GCaMP6f)/wt,"['Slc17a7-IRES2-Cre', 'Camk2a-tTA']",Slc17a7-IRES2-Cre,Ai93(TITL-GCaMP6f),F,150,375,VISp,375,,VisualBehavior,OPHYS_4_images_B,4,B,active_behavior,FALSE,Novel 1,0,0,4,43447.34972,CAM2P.4,25-03-21 0:00,765187424,1414
795952471,795431009,795217244,814796612,412366,GCaMP6f,Slc17a7-IRES2-Cre/wt;Camk2a-tTA/wt;Ai93(TITL-GCaMP6f)/wt,"['Slc17a7-IRES2-Cre', 'Camk2a-tTA']",Slc17a7-IRES2-Cre,Ai93(TITL-GCaMP6f),F,151,375,VISp,375,,VisualBehavior,OPHYS_5_images_B_passive,5,B,passive_viewing,TRUE,Novel >1,0,1,5,43448.35812,CAM2P.4,25-03-21 0:00,765187424,1415
796105304,796031509,796019065,814796612,412366,GCaMP6f,Slc17a7-IRES2-Cre/wt;Camk2a-tTA/wt;Ai93(TITL-GCaMP6f)/wt,"['Slc17a7-IRES2-Cre', 'Camk2a-tTA']",Slc17a7-IRES2-Cre,Ai93(TITL-GCaMP6f),F,152,375,VISp,375,,VisualBehavior,OPHYS_6_images_B,6,B,active_behavior,FALSE,Novel >1,0,2,6,43449.40556,CAM2P.4,25-03-21 0:00,765187424,1416
797255551,797170547,797078933,814796612,412366,GCaMP6f,Slc17a7-IRES2-Cre/wt;Camk2a-tTA/wt;Ai93(TITL-GCaMP6f)/wt,"['Slc17a7-IRES2-Cre', 'Camk2a-tTA']",Slc17a7-IRES2-Cre,Ai93(TITL-GCaMP6f),F,154,375,VISp,375,,VisualBehavior,OPHYS_2_images_A_passive,2,A,passive_viewing,TRUE,Familiar,1,14,8,43451.66756,CAM2P.4,25-03-21 0:00,765187424,1417
803736273,803341010,803223329,814797528,421136,GCaMP6f,Vip-IRES-Cre/wt;Ai148(TIT2L-GC6f-ICL-tTA2)/wt,['Vip-IRES-Cre'],Vip-IRES-Cre,Ai148(TIT2L-GC6f-ICL-tTA2),M,127,175,VISp,175,,VisualBehavior,OPHYS_1_images_A,1,A,active_behavior,FALSE,Familiar,1,14,9,43469.36811,CAM2P.5,25-03-21 0:00,767468166,1591
805784331,805373492,805269503,814797528,421136,GCaMP6f,Vip-IRES-Cre/wt;Ai148(TIT2L-GC6f-ICL-tTA2)/wt,['Vip-IRES-Cre'],Vip-IRES-Cre,Ai148(TIT2L-GC6f-ICL-tTA2),M,131,175,VISp,175,,VisualBehavior,OPHYS_4_images_B,4,B,active_behavior,FALSE,Novel >1,1,3,11,43473.3638,CAM2P.5,25-03-21 0:00,767468166,1592
807753318,807198458,807055274,814797528,421136,GCaMP6f,Vip-IRES-Cre/wt;Ai148(TIT2L-GC6f-ICL-tTA2)/wt,['Vip-IRES-Cre'],Vip-IRES-Cre,Ai148(TIT2L-GC6f-ICL-tTA2),M,134,175,VISp,175,,VisualBehavior,OPHYS_5_images_B_passive,5,B,passive_viewing,TRUE,Novel >1,1,4,13,43476.36848,CAM2P.5,25-03-21 0:00,767468166,1593
808621958,808107647,808092249,814797528,421136,GCaMP6f,Vip-IRES-Cre/wt;Ai148(TIT2L-GC6f-ICL-tTA2)/wt,['Vip-IRES-Cre'],Vip-IRES-Cre,Ai148(TIT2L-GC6f-ICL-tTA2),M,137,175,VISp,175,,VisualBehavior,OPHYS_6_images_B,6,B,active_behavior,FALSE,Novel >1,1,5,14,43479.36231,CAM2P.5,25-03-21 0:00,767468166,1594
809497730,809321253,809261351,814797528,421136,GCaMP6f,Vip-IRES-Cre/wt;Ai148(TIT2L-GC6f-ICL-tTA2)/wt,['Vip-IRES-Cre'],Vip-IRES-Cre,Ai148(TIT2L-GC6f-ICL-tTA2),M,139,175,VISp,175,,VisualBehavior,OPHYS_2_images_A_passive,2,A,passive_viewing,TRUE,Familiar,2,17,16,43481.35812,CAM2P.5,25-03-21 0:00,767468166,1595
806455766,806296598,806203732,803589437,425496,GCaMP6f,Slc17a7-IRES2-Cre/wt;Camk2a-tTA/wt;Ai93(TITL-GCaMP6f)/wt,"['Slc17a7-IRES2-Cre', 'Camk2a-tTA']",Slc17a7-IRES2-Cre,Ai93(TITL-GCaMP6f),M,106,175,VISp,175,,VisualBehavior,OPHYS_1_images_A,1,A,active_behavior,FALSE,Familiar,0,8,1,43474.59076,CAM2P.4,25-03-21 0:00,781470340,1596
806989729,806841326,806812738,803589437,425496,GCaMP6f,Slc17a7-IRES2-Cre/wt;Camk2a-tTA/wt;Ai93(TITL-GCaMP6f)/wt,"['Slc17a7-IRES2-Cre', 'Camk2a-tTA']",Slc17a7-IRES2-Cre,Ai93(TITL-GCaMP6f),M,107,175,VISp,175,,VisualBehavior,OPHYS_2_images_A_passive,2,A,passive_viewing,TRUE,Familiar,0,9,2,43475.56541,CAM2P.4,25-03-21 0:00,781470340,1597
807753334,807584876,807393193,803589437,425496,GCaMP6f,Slc17a7-IRES2-Cre/wt;Camk2a-tTA/wt;Ai93(TITL-GCaMP6f)/wt,"['Slc17a7-IRES2-Cre', 'Camk2a-tTA']",Slc17a7-IRES2-Cre,Ai93(TITL-GCaMP6f),M,108,175,VISp,175,,VisualBehavior,OPHYS_3_images_A,3,A,active_behavior,FALSE,Familiar,0,10,3,43476.53399,CAM2P.4,25-03-21 0:00,781470340,1598
808621034,808432167,808340530,803589437,425496,GCaMP6f,Slc17a7-IRES2-Cre/wt;Camk2a-tTA/wt;Ai93(TITL-GCaMP6f)/wt,"['Slc17a7-IRES2-Cre', 'Camk2a-tTA']",Slc17a7-IRES2-Cre,Ai93(TITL-GCaMP6f),M,111,175,VISp,175,,VisualBehavior,OPHYS_4_images_B,4,B,active_behavior,FALSE,Novel 1,0,0,4,43479.54151,CAM2P.4,25-03-21 0:00,781470340,1599
809501118,809427293,809393834,803589437,425496,GCaMP6f,Slc17a7-IRES2-Cre/wt;Camk2a-tTA/wt;Ai93(TITL-GCaMP6f)/wt,"['Slc17a7-IRES2-Cre', 'Camk2a-tTA']",Slc17a7-IRES2-Cre,Ai93(TITL-GCaMP6f),M,113,175,VISp,175,,VisualBehavior,OPHYS_6_images_B,6,B,active_behavior,FALSE,Novel >1,0,2,6,43481.58408,CAM2P.4,25-03-21 0:00,781470340,1600
811458048,811355443,811310092,803589437,425496,GCaMP6f,Slc17a7-IRES2-Cre/wt;Camk2a-tTA/wt;Ai93(TITL-GCaMP6f)/wt,"['Slc17a7-IRES2-Cre', 'Camk2a-tTA']",Slc17a7-IRES2-Cre,Ai93(TITL-GCaMP6f),M,118,175,VISp,175,,VisualBehavior,OPHYS_5_images_B_passive,5,B,passive_viewing,TRUE,Novel >1,1,3,8,43486.56407,CAM2P.4,25-03-21 0:00,781470340,1601
848697625,848613406,848264483,846215539,445002,GCaMP6f,Slc17a7-IRES2-Cre/wt;Camk2a-tTA/wt;Ai93(TITL-GCaMP6f)/wt,"['Slc17a7-IRES2-Cre', 'Camk2a-tTA']",Slc17a7-IRES2-Cre,Ai93(TITL-GCaMP6f),M,97,375,VISp,375,,VisualBehavior,OPHYS_1_images_A,1,A,active_behavior,FALSE,Familiar,0,11,0,43564.56003,CAM2P.3,25-03-21 0:00,828776452,1669
849203565,849147676,848894137,846215539,445002,GCaMP6f,Slc17a7-IRES2-Cre/wt;Camk2a-tTA/wt;Ai93(TITL-GCaMP6f)/wt,"['Slc17a7-IRES2-Cre', 'Camk2a-tTA']",Slc17a7-IRES2-Cre,Ai93(TITL-GCaMP6f),M,98,375,VISp,375,,VisualBehavior,OPHYS_2_images_A_passive,2,A,passive_viewing,TRUE,Familiar,0,12,1,43565.56573,CAM2P.3,25-03-21 0:00,828776452,1670
850479305,849651275,849597937,846215539,445002,GCaMP6f,Slc17a7-IRES2-Cre/wt;Camk2a-tTA/wt;Ai93(TITL-GCaMP6f)/wt,"['Slc17a7-IRES2-Cre', 'Camk2a-tTA']",Slc17a7-IRES2-Cre,Ai93(TITL-GCaMP6f),M,99,375,VISp,375,,VisualBehavior,OPHYS_3_images_A,3,A,active_behavior,FALSE,Familiar,0,13,2,43566.52211,CAM2P.3,25-03-21 0:00,828776452,1671
851060467,850989832,850959102,846215539,445002,GCaMP6f,Slc17a7-IRES2-Cre/wt;Camk2a-tTA/wt;Ai93(TITL-GCaMP6f)/wt,"['Slc17a7-IRES2-Cre', 'Camk2a-tTA']",Slc17a7-IRES2-Cre,Ai93(TITL-GCaMP6f),M,100,375,VISp,375,,VisualBehavior,OPHYS_4_images_B,4,B,active_behavior,FALSE,Novel 1,0,0,3,43567.56282,CAM2P.3,25-03-21 0:00,828776452,1672
852691524,852451567,852326785,846215539,445002,GCaMP6f,Slc17a7-IRES2-Cre/wt;Camk2a-tTA/wt;Ai93(TITL-GCaMP6f)/wt,"['Slc17a7-IRES2-Cre', 'Camk2a-tTA']",Slc17a7-IRES2-Cre,Ai93(TITL-GCaMP6f),M,104,375,VISp,375,,VisualBehavior,OPHYS_6_images_B,6,B,active_behavior,FALSE,Novel >1,0,2,5,43571.51721,CAM2P.3,25-03-21 0:00,828776452,1673
855582961,855200229,855083235,846215539,445002,GCaMP6f,Slc17a7-IRES2-Cre/wt;Camk2a-tTA/wt;Ai93(TITL-GCaMP6f)/wt,"['Slc17a7-IRES2-Cre', 'Camk2a-tTA']",Slc17a7-IRES2-Cre,Ai93(TITL-GCaMP6f),M,110,375,VISp,375,,VisualBehavior,OPHYS_5_images_B_passive,5,B,passive_viewing,TRUE,Novel >1,1,3,7,43577.37608,CAM2P.3,25-03-21 0:00,828776452,1674
1083296280,1083217187,1083188691,1081683701,549976,GCaMP6f,Sst-IRES-Cre/wt;Ai148(TIT2L-GC6f-ICL-tTA2)/wt,['Sst-IRES-Cre'],Sst-IRES-Cre,Ai148(TIT2L-GC6f-ICL-tTA2),M,170,275,VISp,275,,VisualBehavior,OPHYS_1_images_A,1,A,active_behavior,FALSE,Familiar,0,14,0,44238.51658,CAM2P.4,12-08-21 0:00,1059649397,1725
1083518258,1083433827,1083397632,1081683701,549976,GCaMP6f,Sst-IRES-Cre/wt;Ai148(TIT2L-GC6f-ICL-tTA2)/wt,['Sst-IRES-Cre'],Sst-IRES-Cre,Ai148(TIT2L-GC6f-ICL-tTA2),M,171,275,VISp,275,,VisualBehavior,OPHYS_2_images_A_passive,2,A,passive_viewing,TRUE,Familiar,0,15,1,44239.44498,CAM2P.4,12-08-21 0:00,1059649397,1726
1084795752,1084412566,1084385630,1081683701,549976,GCaMP6f,Sst-IRES-Cre/wt;Ai148(TIT2L-GC6f-ICL-tTA2)/wt,['Sst-IRES-Cre'],Sst-IRES-Cre,Ai148(TIT2L-GC6f-ICL-tTA2),M,176,275,VISp,275,,VisualBehavior,OPHYS_3_images_A,3,A,active_behavior,FALSE,Familiar,1,17,3,44244.40132,CAM2P.4,12-08-21 0:00,1059649397,1727
1085000574,1084914230,1084882685,1081683701,549976,GCaMP6f,Sst-IRES-Cre/wt;Ai148(TIT2L-GC6f-ICL-tTA2)/wt,['Sst-IRES-Cre'],Sst-IRES-Cre,Ai148(TIT2L-GC6f-ICL-tTA2),M,177,275,VISp,275,,VisualBehavior,OPHYS_4_images_B,4,B,active_behavior,FALSE,Novel 1,0,0,4,44245.40191,CAM2P.4,12-08-21 0:00,1059649397,1728
1085229176,1085106649,1085083564,1081683701,549976,GCaMP6f,Sst-IRES-Cre/wt;Ai148(TIT2L-GC6f-ICL-tTA2)/wt,['Sst-IRES-Cre'],Sst-IRES-Cre,Ai148(TIT2L-GC6f-ICL-tTA2),M,178,275,VISp,275,,VisualBehavior,OPHYS_5_images_B_passive,5,B,passive_viewing,TRUE,Novel >1,0,1,5,44246.46092,CAM2P.4,12-08-21 0:00,1059649397,1729
1085816655,1085690095,1085675084,1081683701,549976,GCaMP6f,Sst-IRES-Cre/wt;Ai148(TIT2L-GC6f-ICL-tTA2)/wt,['Sst-IRES-Cre'],Sst-IRES-Cre,Ai148(TIT2L-GC6f-ICL-tTA2),M,181,275,VISp,275,,VisualBehavior,OPHYS_6_images_B,6,B,active_behavior,FALSE,Novel >1,0,2,6,44249.40442,CAM2P.4,12-08-21 0:00,1059649397,1730
1086048031,1085981495,1085943021,1081683701,549976,GCaMP6f,Sst-IRES-Cre/wt;Ai148(TIT2L-GC6f-ICL-tTA2)/wt,['Sst-IRES-Cre'],Sst-IRES-Cre,Ai148(TIT2L-GC6f-ICL-tTA2),M,182,275,VISp,275,,VisualBehavior,OPHYS_6_images_B,6,B,active_behavior,FALSE,Novel >1,1,3,7,44250.48474,CAM2P.4,12-08-21 0:00,1059649397,1731
938003662,937783930,937364655,929913236,468866,GCaMP6f,Vip-IRES-Cre/wt;Ai148(TIT2L-GC6f-ICL-tTA2)/wt,['Vip-IRES-Cre'],Vip-IRES-Cre,Ai148(TIT2L-GC6f-ICL-tTA2),F,139,175,VISp,175,,VisualBehavior,OPHYS_1_images_A,1,A,active_behavior,FALSE,Familiar,1,15,1,43711.54242,CAM2P.4,25-03-21 0:00,885422294,1832
940352989,940017421,939524851,929913236,468866,GCaMP6f,Vip-IRES-Cre/wt;Ai148(TIT2L-GC6f-ICL-tTA2)/wt,['Vip-IRES-Cre'],Vip-IRES-Cre,Ai148(TIT2L-GC6f-ICL-tTA2),F,141,175,VISp,175,,VisualBehavior,OPHYS_1_images_A,1,A,active_behavior,FALSE,Familiar,3,17,3,43713.54553,CAM2P.4,25-03-21 0:00,885422294,1833
943134119,942562699,942384133,929913236,468866,GCaMP6f,Vip-IRES-Cre/wt;Ai148(TIT2L-GC6f-ICL-tTA2)/wt,['Vip-IRES-Cre'],Vip-IRES-Cre,Ai148(TIT2L-GC6f-ICL-tTA2),F,146,175,VISp,175,,VisualBehavior,OPHYS_2_images_A_passive,2,A,passive_viewing,TRUE,Familiar,0,19,5,43718.47148,CAM2P.4,25-03-21 0:00,885422294,1834
945473009,944950609,944810835,929913236,468866,GCaMP6f,Vip-IRES-Cre/wt;Ai148(TIT2L-GC6f-ICL-tTA2)/wt,['Vip-IRES-Cre'],Vip-IRES-Cre,Ai148(TIT2L-GC6f-ICL-tTA2),F,148,175,VISp,175,,VisualBehavior,OPHYS_3_images_A,3,A,active_behavior,FALSE,Familiar,0,20,6,43720.45635,CAM2P.4,25-03-21 0:00,885422294,1835
947716576,947311015,946951902,929913236,468866,GCaMP6f,Vip-IRES-Cre/wt;Ai148(TIT2L-GC6f-ICL-tTA2)/wt,['Vip-IRES-Cre'],Vip-IRES-Cre,Ai148(TIT2L-GC6f-ICL-tTA2),F,152,175,VISp,175,,VisualBehavior,OPHYS_3_images_A,3,A,active_behavior,FALSE,Familiar,1,21,7,43724.49872,CAM2P.4,25-03-21 0:00,885422294,1836
948507789,948206919,948090163,929913236,468866,GCaMP6f,Vip-IRES-Cre/wt;Ai148(TIT2L-GC6f-ICL-tTA2)/wt,['Vip-IRES-Cre'],Vip-IRES-Cre,Ai148(TIT2L-GC6f-ICL-tTA2),F,153,175,VISp,175,,VisualBehavior,OPHYS_3_images_A,3,A,active_behavior,FALSE,Familiar,2,22,8,43725.45626,CAM2P.4,25-03-21 0:00,885422294,1837
950833329,950157787,949209988,929913236,468866,GCaMP6f,Vip-IRES-Cre/wt;Ai148(TIT2L-GC6f-ICL-tTA2)/wt,['Vip-IRES-Cre'],Vip-IRES-Cre,Ai148(TIT2L-GC6f-ICL-tTA2),F,155,175,VISp,175,,VisualBehavior,OPHYS_4_images_B,4,B,active_behavior,FALSE,Novel 1,0,0,10,43727.47521,CAM2P.4,25-03-21 0:00,885422294,1838
953443028,952746230,952434025,929913236,468866,GCaMP6f,Vip-IRES-Cre/wt;Ai148(TIT2L-GC6f-ICL-tTA2)/wt,['Vip-IRES-Cre'],Vip-IRES-Cre,Ai148(TIT2L-GC6f-ICL-tTA2),F,159,175,VISp,175,,VisualBehavior,OPHYS_6_images_B,6,B,active_behavior,FALSE,Novel >1,0,1,11,43731.43414,CAM2P.4,25-03-21 0:00,885422294,1839
958435448,954120560,954958035,929913236,468866,GCaMP6f,Vip-IRES-Cre/wt;Ai148(TIT2L-GC6f-ICL-tTA2)/wt,['Vip-IRES-Cre'],Vip-IRES-Cre,Ai148(TIT2L-GC6f-ICL-tTA2),F,160,175,VISp,175,,VisualBehavior,OPHYS_5_images_B_passive,5,B,passive_viewing,TRUE,Novel >1,0,2,12,43732.45208,CAM2P.4,25-03-21 0:00,885422294,1840
960957793,960834330,960749169,957024596,467302,GCaMP6f,Sst-IRES-Cre/wt;Ai148(TIT2L-GC6f-ICL-tTA2)/wt,['Sst-IRES-Cre'],Sst-IRES-Cre,Ai148(TIT2L-GC6f-ICL-tTA2),M,173,290,VISp,290,,VisualBehavior,OPHYS_1_images_A,1,A,active_behavior,FALSE,Familiar,1,27,1,43741.59317,CAM2P.5,25-03-21 0:00,894191516,1873
961283857,961246494,961226856,957024596,467302,GCaMP6f,Sst-IRES-Cre/wt;Ai148(TIT2L-GC6f-ICL-tTA2)/wt,['Sst-IRES-Cre'],Sst-IRES-Cre,Ai148(TIT2L-GC6f-ICL-tTA2),M,174,290,VISp,290,,VisualBehavior,OPHYS_2_images_A_passive,2,A,passive_viewing,TRUE,Familiar,0,28,2,43742.6245,CAM2P.5,25-03-21 0:00,894191516,1874
962471831,962346335,962206869,957024596,467302,GCaMP6f,Sst-IRES-Cre/wt;Ai148(TIT2L-GC6f-ICL-tTA2)/wt,['Sst-IRES-Cre'],Sst-IRES-Cre,Ai148(TIT2L-GC6f-ICL-tTA2),M,177,290,VISp,290,,VisualBehavior,OPHYS_3_images_A,3,A,active_behavior,FALSE,Familiar,0,29,3,43745.60792,CAM2P.5,25-03-21 0:00,894191516,1875
965228792,965034185,964912357,957024596,467302,GCaMP6f,Sst-IRES-Cre/wt;Ai148(TIT2L-GC6f-ICL-tTA2)/wt,['Sst-IRES-Cre'],Sst-IRES-Cre,Ai148(TIT2L-GC6f-ICL-tTA2),M,180,290,VISp,290,,VisualBehavior,OPHYS_4_images_B,4,B,active_behavior,FALSE,Novel 1,0,0,6,43748.48662,CAM2P.5,25-03-21 0:00,894191516,1876
965930965,965727499,965615627,957024596,467302,GCaMP6f,Sst-IRES-Cre/wt;Ai148(TIT2L-GC6f-ICL-tTA2)/wt,['Sst-IRES-Cre'],Sst-IRES-Cre,Ai148(TIT2L-GC6f-ICL-tTA2),M,181,290,VISp,290,,VisualBehavior,OPHYS_5_images_B_passive,5,B,passive_viewing,TRUE,Novel >1,0,1,7,43749.53123,CAM2P.5,25-03-21 0:00,894191516,1877
967005387,966765494,966603493,957024596,467302,GCaMP6f,Sst-IRES-Cre/wt;Ai148(TIT2L-GC6f-ICL-tTA2)/wt,['Sst-IRES-Cre'],Sst-IRES-Cre,Ai148(TIT2L-GC6f-ICL-tTA2),M,184,290,VISp,290,,VisualBehavior,OPHYS_6_images_B,6,B,active_behavior,FALSE,Novel >1,0,2,8,43752.53867,CAM2P.5,25-03-21 0:00,894191516,1878
775614751,775378326,775289198,782536745,403491,GCaMP6f,Slc17a7-IRES2-Cre/wt;Camk2a-tTA/wt;Ai93(TITL-GCaMP6f)/wt,"['Slc17a7-IRES2-Cre', 'Camk2a-tTA']",Slc17a7-IRES2-Cre,Ai93(TITL-GCaMP6f),F,160,375,VISp,375,,VisualBehavior,OPHYS_1_images_A,1,A,active_behavior,FALSE,Familiar,1,44,5,43412.47369,CAM2P.5,25-03-21 0:00,730814230,1905
778644591,778166125,778015591,782536745,403491,GCaMP6f,Slc17a7-IRES2-Cre/wt;Camk2a-tTA/wt;Ai93(TITL-GCaMP6f)/wt,"['Slc17a7-IRES2-Cre', 'Camk2a-tTA']",Slc17a7-IRES2-Cre,Ai93(TITL-GCaMP6f),F,165,375,VISp,375,,VisualBehavior,OPHYS_2_images_A_passive,2,A,passive_viewing,TRUE,Familiar,2,47,8,43417.43332,CAM2P.5,25-03-21 0:00,730814230,1906
788490510,788017709,787661032,782536745,403491,GCaMP6f,Slc17a7-IRES2-Cre/wt;Camk2a-tTA/wt;Ai93(TITL-GCaMP6f)/wt,"['Slc17a7-IRES2-Cre', 'Camk2a-tTA']",Slc17a7-IRES2-Cre,Ai93(TITL-GCaMP6f),F,181,375,VISp,375,,VisualBehavior,OPHYS_6_images_B,6,B,active_behavior,FALSE,Novel >1,1,5,17,43433.39789,CAM2P.5,25-03-21 0:00,730814230,1907
796106850,796032489,796018019,782536745,403491,GCaMP6f,Slc17a7-IRES2-Cre/wt;Camk2a-tTA/wt;Ai93(TITL-GCaMP6f)/wt,"['Slc17a7-IRES2-Cre', 'Camk2a-tTA']",Slc17a7-IRES2-Cre,Ai93(TITL-GCaMP6f),F,197,375,VISp,375,,VisualBehavior,OPHYS_5_images_B_passive,5,B,passive_viewing,TRUE,Novel >1,2,9,24,43449.41187,CAM2P.5,25-03-21 0:00,730814230,1908
1052609309,1052517136,1052482256,1051327176,523927,GCaMP6f,Vip-IRES-Cre/wt;Ai148(TIT2L-GC6f-ICL-tTA2)/wt,['Vip-IRES-Cre'],Vip-IRES-Cre,Ai148(TIT2L-GC6f-ICL-tTA2),F,192,175,VISp,175,,VisualBehavior,OPHYS_1_images_A,1,A,active_behavior,FALSE,Familiar,0,51,0,44098.41985,CAM2P.4,25-03-21 0:00,1027751748,1909
1053605418,1053566913,1053465359,1051327176,523927,GCaMP6f,Vip-IRES-Cre/wt;Ai148(TIT2L-GC6f-ICL-tTA2)/wt,['Vip-IRES-Cre'],Vip-IRES-Cre,Ai148(TIT2L-GC6f-ICL-tTA2),F,197,175,VISp,175,,VisualBehavior,OPHYS_3_images_A,3,A,active_behavior,FALSE,Familiar,0,53,2,44103.45066,CAM2P.4,25-03-21 0:00,1027751748,1910
1053774037,1053736358,1053696498,1051327176,523927,GCaMP6f,Vip-IRES-Cre/wt;Ai148(TIT2L-GC6f-ICL-tTA2)/wt,['Vip-IRES-Cre'],Vip-IRES-Cre,Ai148(TIT2L-GC6f-ICL-tTA2),F,198,175,VISp,175,,VisualBehavior,OPHYS_2_images_A_passive,2,A,passive_viewing,TRUE,Familiar,1,54,3,44104.46732,CAM2P.4,25-03-21 0:00,1027751748,1911
1053997501,1053932830,1053882120,1051327176,523927,GCaMP6f,Vip-IRES-Cre/wt;Ai148(TIT2L-GC6f-ICL-tTA2)/wt,['Vip-IRES-Cre'],Vip-IRES-Cre,Ai148(TIT2L-GC6f-ICL-tTA2),F,199,175,VISp,175,,VisualBehavior,OPHYS_4_images_B,4,B,active_behavior,FALSE,Novel 1,0,0,4,44105.45223,CAM2P.4,25-03-21 0:00,1027751748,1912
1054266228,1054133730,1054092300,1051327176,523927,GCaMP6f,Vip-IRES-Cre/wt;Ai148(TIT2L-GC6f-ICL-tTA2)/wt,['Vip-IRES-Cre'],Vip-IRES-Cre,Ai148(TIT2L-GC6f-ICL-tTA2),F,200,175,VISp,175,,VisualBehavior,OPHYS_5_images_B_passive,5,B,passive_viewing,TRUE,Novel >1,0,1,5,44106.41541,CAM2P.4,25-03-21 0:00,1027751748,1913
1054813047,1054723429,1054703410,1051327176,523927,GCaMP6f,Vip-IRES-Cre/wt;Ai148(TIT2L-GC6f-ICL-tTA2)/wt,['Vip-IRES-Cre'],Vip-IRES-Cre,Ai148(TIT2L-GC6f-ICL-tTA2),F,203,175,VISp,175,,VisualBehavior,OPHYS_6_images_B,6,B,active_behavior,FALSE,Novel >1,0,2,6,44109.4676,CAM2P.4,25-03-21 0:00,1027751748,1914
